t_min,t_replay,time_label,policy,unit,kind,incident,category,demand,capability,eta_planned_min,engine,incident_status,severity,max_p_on_route,why
0.0,2024-07-24T08:30:00Z,REPLAY,oracle,PC-TRUCK-02,supply_truck,I001,flood,I001:mass_transport:1,mass_transport,8,cp-sat,confirmed,4,,mass transport for flood I001 (confirmed)
0.0,2024-07-24T08:30:00Z,REPLAY,oracle,PC-PUMP-02,pump,I001,flood,I001:dewatering:0,dewatering,11,cp-sat,confirmed,4,,dewatering for flood I001 (confirmed)
0.0,2024-07-24T08:30:00Z,REPLAY,oracle,PC-TRUCK-01,supply_truck,I001,flood,I001:mass_transport:0,mass_transport,19,cp-sat,confirmed,4,,mass transport for flood I001 (confirmed)
0.0,2024-07-24T08:30:00Z,REPLAY,oracle,PC-JCB-01,jcb,I002,tree,I002:debris_clearance:0,debris_clearance,20,cp-sat,confirmed,3,,debris clearance for tree I002 (confirmed)
0.0,2024-07-24T08:30:00Z,REPLAY,oracle,PC-POL-04,police,I003,tree,I003:field_assessment:0,field_assessment,7,cp-sat,unverified,2,,field assessment for tree I003 (unverified)
10.0,2024-07-24T08:40:00Z,REPLAY,oracle,PC-JCB-02,jcb,I003,tree,I003:debris_clearance:0,debris_clearance,17,cp-sat,confirmed,3,,debris clearance for tree I003 (confirmed)
10.0,2024-07-24T08:40:00Z,REPLAY,oracle,PC-FIRE-05,fire_engine,I004,tree,I004:field_assessment:0,field_assessment,6,cp-sat,unverified,2,,field assessment for tree I004 (unverified)
20.0,2024-07-24T08:50:00Z,REPLAY,oracle,PC-TEAM-03,rescue_team,I004,tree,I004:debris_clearance:0,debris_clearance,21,cp-sat,confirmed,3,,debris clearance for tree I004 (confirmed)
40.0,2024-07-24T09:10:00Z,REPLAY,oracle,PC-AMB-06,ambulance,I005,flood,I005:field_assessment:0,field_assessment,18,cp-sat,unverified,2,,field assessment for flood I005 (unverified)
50.0,2024-07-24T09:20:00Z,REPLAY,oracle,PC-BOAT-01,boat,I005,flood,I005:water_rescue:0,water_rescue,30,cp-sat,confirmed,5,,water rescue for flood I005 (confirmed)
60.0,2024-07-24T09:30:00Z,REPLAY,oracle,PC-POL-01,police,I007,flood,I007:field_assessment:0,field_assessment,6,cp-sat,unverified,2,,field assessment for flood I007 (unverified)
60.0,2024-07-24T09:30:00Z,REPLAY,oracle,PC-FIRE-07,fire_engine,I006,flood,I006:field_assessment:0,field_assessment,18,cp-sat,unverified,2,,field assessment for flood I006 (unverified)
70.0,2024-07-24T09:40:00Z,REPLAY,oracle,PC-BOAT-03,boat,I007,flood,I007:water_rescue:0,water_rescue,6,cp-sat,confirmed,5,,water rescue for flood I007 (confirmed)
70.0,2024-07-24T09:40:00Z,REPLAY,oracle,PC-AMB-04,ambulance,I008,tree,I008:field_assessment:0,field_assessment,11,cp-sat,unverified,2,,field assessment for tree I008 (unverified)
80.0,2024-07-24T09:50:00Z,REPLAY,oracle,PC-FIRE-02,fire_engine,I006,flood,I006:water_rescue:0,water_rescue,27,cp-sat,confirmed,5,,water rescue for flood I006 (confirmed)
80.0,2024-07-24T09:50:00Z,REPLAY,oracle,PC-POL-03,police,I009,flood,I009:field_assessment:0,field_assessment,11,cp-sat,unverified,2,,field assessment for flood I009 (unverified)
90.0,2024-07-24T10:00:00Z,REPLAY,oracle,PC-FIRE-07,fire_engine,I006,flood,I006:water_rescue:0,water_rescue,4,cp-sat,confirmed,5,,water rescue for flood I006 (confirmed)
90.0,2024-07-24T10:00:00Z,REPLAY,oracle,PC-JCB-01,jcb,I008,tree,I008:debris_clearance:0,debris_clearance,4,cp-sat,confirmed,3,,debris clearance for tree I008 (confirmed)
100.0,2024-07-24T10:10:00Z,REPLAY,oracle,PC-FIRE-01,fire_engine,I009,flood,I009:water_rescue:0,water_rescue,15,cp-sat,confirmed,5,,water rescue for flood I009 (confirmed)
140.0,2024-07-24T10:50:00Z,REPLAY,oracle,PC-POL-04,police,I010,flood,I010:field_assessment:0,field_assessment,9,cp-sat,unverified,2,,field assessment for flood I010 (unverified)
170.0,2024-07-24T11:20:00Z,REPLAY,oracle,PC-POL-03,police,I011,flood,I011:field_assessment:0,field_assessment,6,cp-sat,unverified,2,,field assessment for flood I011 (unverified)
180.0,2024-07-24T11:30:00Z,REPLAY,oracle,PC-FIRE-01,fire_engine,I011,flood,I011:water_rescue:0,water_rescue,7,cp-sat,confirmed,5,,water rescue for flood I011 (confirmed)
180.0,2024-07-24T11:30:00Z,REPLAY,oracle,PC-AMB-06,ambulance,I012,flood,I012:field_assessment:0,field_assessment,5,cp-sat,unverified,2,,field assessment for flood I012 (unverified)
190.0,2024-07-24T11:40:00Z,REPLAY,oracle,PC-BOAT-01,boat,I012,flood,I012:water_rescue:0,water_rescue,5,cp-sat,confirmed,5,,water rescue for flood I012 (confirmed)
210.0,2024-07-24T12:00:00Z,REPLAY,oracle,PC-POL-03,police,I013,crash,I013:field_assessment:0,field_assessment,10,cp-sat,unverified,2,,field assessment for crash I013 (unverified)
210.0,2024-07-24T12:00:00Z,REPLAY,oracle,PC-TEAM-03,rescue_team,I014,flood,I014:field_assessment:0,field_assessment,12,cp-sat,unverified,2,,field assessment for flood I014 (unverified)
230.0,2024-07-24T12:20:00Z,REPLAY,oracle,PC-PUMP-05,pump,I014,flood,I014:dewatering:0,dewatering,10,cp-sat,confirmed,4,,dewatering for flood I014 (confirmed)
250.0,2024-07-24T12:40:00Z,REPLAY,oracle,PC-FIRE-05,fire_engine,I015,tree,I015:field_assessment:0,field_assessment,4,cp-sat,unverified,2,,field assessment for tree I015 (unverified)
260.0,2024-07-24T12:50:00Z,REPLAY,oracle,PC-FIRE-01,fire_engine,I016,flood,I016:water_rescue:0,water_rescue,5,cp-sat,confirmed,5,,water rescue for flood I016 (confirmed)
270.0,2024-07-24T13:00:00Z,REPLAY,oracle,PC-POL-04,police,I017,tree,I017:field_assessment:0,field_assessment,12,cp-sat,unverified,2,,field assessment for tree I017 (unverified)
290.0,2024-07-24T13:20:00Z,REPLAY,oracle,PC-TEAM-03,rescue_team,I018,tree,I018:debris_clearance:0,debris_clearance,20,cp-sat,confirmed,3,,debris clearance for tree I018 (confirmed)
290.0,2024-07-24T13:20:00Z,REPLAY,oracle,PC-JCB-02,jcb,I017,tree,I017:debris_clearance:0,debris_clearance,25,cp-sat,confirmed,3,,debris clearance for tree I017 (confirmed)
310.0,2024-07-24T13:40:00Z,REPLAY,oracle,PC-FIRE-06,fire_engine,I019,flood,I019:field_assessment:0,field_assessment,10,cp-sat,unverified,2,,field assessment for flood I019 (unverified)
320.0,2024-07-24T13:50:00Z,REPLAY,oracle,PC-FIRE-07,fire_engine,I020,tree,I020:field_assessment:0,field_assessment,12,cp-sat,unverified,2,,field assessment for tree I020 (unverified)
340.0,2024-07-24T14:10:00Z,REPLAY,oracle,PC-JCB-01,jcb,I020,tree,I020:debris_clearance:0,debris_clearance,38,cp-sat,confirmed,3,,debris clearance for tree I020 (confirmed)
350.0,2024-07-24T14:20:00Z,REPLAY,oracle,PC-BOAT-03,boat,I021,flood,I021:field_assessment:0,field_assessment,4,cp-sat,unverified,2,,field assessment for flood I021 (unverified)
360.0,2024-07-24T14:30:00Z,REPLAY,oracle,PC-AMB-01,ambulance,I022,flood,I022:field_assessment:0,field_assessment,8,cp-sat,unverified,2,,field assessment for flood I022 (unverified)
370.0,2024-07-24T14:40:00Z,REPLAY,oracle,PC-TEAM-01,rescue_team,I022,flood,I022:water_rescue:0,water_rescue,12,cp-sat,confirmed,5,,water rescue for flood I022 (confirmed)
370.0,2024-07-24T14:40:00Z,REPLAY,oracle,PC-FIRE-05,fire_engine,I023,flood,I023:field_assessment:0,field_assessment,6,cp-sat,unverified,2,,field assessment for flood I023 (unverified)
380.0,2024-07-24T14:50:00Z,REPLAY,oracle,PC-BOAT-03,boat,I023,flood,I023:water_rescue:0,water_rescue,17,cp-sat,confirmed,5,,water rescue for flood I023 (confirmed)
380.0,2024-07-24T14:50:00Z,REPLAY,oracle,PC-JCB-02,jcb,I024,tree,I024:debris_clearance:0,debris_clearance,20,cp-sat,confirmed,3,,debris clearance for tree I024 (confirmed)
380.0,2024-07-24T14:50:00Z,REPLAY,oracle,PC-TEAM-03,rescue_team,I026,tree,I026:field_assessment:0,field_assessment,4,cp-sat,unverified,2,,field assessment for tree I026 (unverified)
380.0,2024-07-24T14:50:00Z,REPLAY,oracle,PC-POL-04,police,I025,tree,I025:field_assessment:0,field_assessment,10,cp-sat,unverified,2,,field assessment for tree I025 (unverified)
390.0,2024-07-24T15:00:00Z,REPLAY,oracle,PC-FIRE-05,fire_engine,I023,flood,I023:water_rescue:0,water_rescue,4,cp-sat,confirmed,5,,water rescue for flood I023 (confirmed)
390.0,2024-07-24T15:00:00Z,REPLAY,oracle,PC-TEAM-03,rescue_team,I026,tree,I026:debris_clearance:0,debris_clearance,4,cp-sat,confirmed,3,,debris clearance for tree I026 (confirmed)
390.0,2024-07-24T15:00:00Z,REPLAY,oracle,PC-TEAM-02,rescue_team,I025,tree,I025:debris_clearance:0,debris_clearance,25,cp-sat,confirmed,3,,debris clearance for tree I025 (confirmed)
410.0,2024-07-24T15:20:00Z,REPLAY,oracle,PC-BOAT-03,boat,I027,flood,I027:field_assessment:0,field_assessment,42,cp-sat,unverified,2,,field assessment for flood I027 (unverified)
460.0,2024-07-24T16:10:00Z,REPLAY,oracle,PC-AMB-01,ambulance,I028,tree,I028:field_assessment:0,field_assessment,11,cp-sat,unverified,2,,field assessment for tree I028 (unverified)
470.0,2024-07-24T16:20:00Z,REPLAY,oracle,PC-FIRE-05,fire_engine,I029,tree,I029:field_assessment:0,field_assessment,5,cp-sat,unverified,2,,field assessment for tree I029 (unverified)
470.0,2024-07-24T16:20:00Z,REPLAY,oracle,PC-FIRE-01,fire_engine,I030,tree,I030:field_assessment:0,field_assessment,12,cp-sat,unverified,2,,field assessment for tree I030 (unverified)
480.0,2024-07-24T16:30:00Z,REPLAY,oracle,PC-TEAM-03,rescue_team,I029,tree,I029:debris_clearance:0,debris_clearance,15,cp-sat,confirmed,3,,debris clearance for tree I029 (confirmed)
480.0,2024-07-24T16:30:00Z,REPLAY,oracle,PC-TEAM-01,rescue_team,I028,tree,I028:debris_clearance:0,debris_clearance,18,cp-sat,confirmed,3,,debris clearance for tree I028 (confirmed)
480.0,2024-07-24T16:30:00Z,REPLAY,oracle,PC-AMB-01,ambulance,I031,tree,I031:field_assessment:0,field_assessment,10,cp-sat,unverified,2,,field assessment for tree I031 (unverified)
490.0,2024-07-24T16:40:00Z,REPLAY,oracle,PC-JCB-02,jcb,I030,tree,I030:debris_clearance:0,debris_clearance,26,cp-sat,confirmed,3,,debris clearance for tree I030 (confirmed)
500.0,2024-07-24T16:50:00Z,REPLAY,oracle,PC-TEAM-02,rescue_team,I031,tree,I031:debris_clearance:0,debris_clearance,26,cp-sat,confirmed,3,,debris clearance for tree I031 (confirmed)
510.0,2024-07-24T17:00:00Z,REPLAY,oracle,PC-AMB-05,ambulance,I032,tree,I032:field_assessment:0,field_assessment,11,cp-sat,unverified,2,,field assessment for tree I032 (unverified)
520.0,2024-07-24T17:10:00Z,REPLAY,oracle,PC-POL-02,police,I033,tree,I033:field_assessment:0,field_assessment,6,cp-sat,unverified,2,,field assessment for tree I033 (unverified)
530.0,2024-07-24T17:20:00Z,REPLAY,oracle,PC-AMB-04,ambulance,I034,crash,I034:medical_transport:0,medical_transport,7,cp-sat,confirmed,4,,medical transport for crash I034 (confirmed)
530.0,2024-07-24T17:20:00Z,REPLAY,oracle,PC-POL-03,police,I034,crash,I034:traffic_control:0,traffic_control,13,cp-sat,confirmed,4,,traffic control for crash I034 (confirmed)
530.0,2024-07-24T17:20:00Z,REPLAY,oracle,PC-JCB-01,jcb,I032,tree,I032:debris_clearance:0,debris_clearance,23,cp-sat,confirmed,3,,debris clearance for tree I032 (confirmed)
570.0,2024-07-24T18:00:00Z,REPLAY,oracle,PC-TEAM-02,rescue_team,I035,tree,I035:field_assessment:0,field_assessment,4,cp-sat,unverified,2,,field assessment for tree I035 (unverified)
580.0,2024-07-24T18:10:00Z,REPLAY,oracle,PC-AMB-01,ambulance,I036,tree,I036:field_assessment:0,field_assessment,7,cp-sat,unverified,2,,field assessment for tree I036 (unverified)
590.0,2024-07-24T18:20:00Z,REPLAY,oracle,PC-TEAM-03,rescue_team,I037,tree,I037:field_assessment:0,field_assessment,4,cp-sat,unverified,2,,field assessment for tree I037 (unverified)
600.0,2024-07-24T18:30:00Z,REPLAY,oracle,PC-TEAM-03,rescue_team,I037,tree,I037:debris_clearance:0,debris_clearance,4,cp-sat,confirmed,3,,debris clearance for tree I037 (confirmed)
640.0,2024-07-24T19:10:00Z,REPLAY,oracle,PC-FIRE-06,fire_engine,I038,flood,I038:field_assessment:0,field_assessment,6,cp-sat,unverified,2,,field assessment for flood I038 (unverified)
650.0,2024-07-24T19:20:00Z,REPLAY,oracle,PC-TEAM-01,rescue_team,I038,flood,I038:water_rescue:0,water_rescue,15,cp-sat,confirmed,5,,water rescue for flood I038 (confirmed)
660.0,2024-07-24T19:30:00Z,REPLAY,oracle,PC-FIRE-06,fire_engine,I038,flood,I038:water_rescue:0,water_rescue,4,cp-sat,confirmed,5,,water rescue for flood I038 (confirmed)
720.0,2024-07-24T20:30:00Z,REPLAY,oracle,PC-POL-04,police,I041,tree,I041:field_assessment:0,field_assessment,4,cp-sat,unverified,2,,field assessment for tree I041 (unverified)
720.0,2024-07-24T20:30:00Z,REPLAY,oracle,PC-FIRE-02,fire_engine,I040,tree,I040:field_assessment:0,field_assessment,5,cp-sat,unverified,2,,field assessment for tree I040 (unverified)
720.0,2024-07-24T20:30:00Z,REPLAY,oracle,PC-AMB-02,ambulance,I039,tree,I039:field_assessment:0,field_assessment,10,cp-sat,unverified,2,,field assessment for tree I039 (unverified)
