t_min,t_replay,time_label,policy,subject,id,state,note,capacity,occupancy,reserved,unit,people,task,incident
0.0,2024-07-24T08:30:00Z,REPLAY,current_status,unit,PC-AMB-01,available,start of window,,,,,,,
0.0,2024-07-24T08:30:00Z,REPLAY,current_status,unit,PC-AMB-02,available,start of window,,,,,,,
0.0,2024-07-24T08:30:00Z,REPLAY,current_status,unit,PC-AMB-03,available,start of window,,,,,,,
0.0,2024-07-24T08:30:00Z,REPLAY,current_status,unit,PC-AMB-04,available,start of window,,,,,,,
0.0,2024-07-24T08:30:00Z,REPLAY,current_status,unit,PC-AMB-05,available,start of window,,,,,,,
0.0,2024-07-24T08:30:00Z,REPLAY,current_status,unit,PC-AMB-06,available,start of window,,,,,,,
0.0,2024-07-24T08:30:00Z,REPLAY,current_status,unit,PC-BOAT-01,available,start of window,,,,,,,
0.0,2024-07-24T08:30:00Z,REPLAY,current_status,unit,PC-BOAT-02,available,start of window,,,,,,,
0.0,2024-07-24T08:30:00Z,REPLAY,current_status,unit,PC-BOAT-03,available,start of window,,,,,,,
0.0,2024-07-24T08:30:00Z,REPLAY,current_status,unit,PC-BUS-01,available,start of window,,,,,,,
0.0,2024-07-24T08:30:00Z,REPLAY,current_status,unit,PC-BUS-02,available,start of window,,,,,,,
0.0,2024-07-24T08:30:00Z,REPLAY,current_status,unit,PC-FIRE-01,available,start of window,,,,,,,
0.0,2024-07-24T08:30:00Z,REPLAY,current_status,unit,PC-FIRE-02,available,start of window,,,,,,,
0.0,2024-07-24T08:30:00Z,REPLAY,current_status,unit,PC-FIRE-03,available,start of window,,,,,,,
0.0,2024-07-24T08:30:00Z,REPLAY,current_status,unit,PC-FIRE-04,available,start of window,,,,,,,
0.0,2024-07-24T08:30:00Z,REPLAY,current_status,unit,PC-FIRE-05,available,start of window,,,,,,,
0.0,2024-07-24T08:30:00Z,REPLAY,current_status,unit,PC-FIRE-06,available,start of window,,,,,,,
0.0,2024-07-24T08:30:00Z,REPLAY,current_status,unit,PC-FIRE-07,available,start of window,,,,,,,
0.0,2024-07-24T08:30:00Z,REPLAY,current_status,unit,PC-JCB-01,available,start of window,,,,,,,
0.0,2024-07-24T08:30:00Z,REPLAY,current_status,unit,PC-JCB-02,available,start of window,,,,,,,
0.0,2024-07-24T08:30:00Z,REPLAY,current_status,unit,PC-POL-01,available,start of window,,,,,,,
0.0,2024-07-24T08:30:00Z,REPLAY,current_status,unit,PC-POL-02,available,start of window,,,,,,,
0.0,2024-07-24T08:30:00Z,REPLAY,current_status,unit,PC-POL-03,available,start of window,,,,,,,
0.0,2024-07-24T08:30:00Z,REPLAY,current_status,unit,PC-POL-04,available,start of window,,,,,,,
0.0,2024-07-24T08:30:00Z,REPLAY,current_status,unit,PC-PUMP-01,available,start of window,,,,,,,
0.0,2024-07-24T08:30:00Z,REPLAY,current_status,unit,PC-PUMP-02,available,start of window,,,,,,,
0.0,2024-07-24T08:30:00Z,REPLAY,current_status,unit,PC-PUMP-03,available,start of window,,,,,,,
0.0,2024-07-24T08:30:00Z,REPLAY,current_status,unit,PC-PUMP-04,available,start of window,,,,,,,
0.0,2024-07-24T08:30:00Z,REPLAY,current_status,unit,PC-PUMP-05,available,start of window,,,,,,,
0.0,2024-07-24T08:30:00Z,REPLAY,current_status,unit,PC-TEAM-01,available,start of window,,,,,,,
0.0,2024-07-24T08:30:00Z,REPLAY,current_status,unit,PC-TEAM-02,available,start of window,,,,,,,
0.0,2024-07-24T08:30:00Z,REPLAY,current_status,unit,PC-TEAM-03,available,start of window,,,,,,,
0.0,2024-07-24T08:30:00Z,REPLAY,current_status,unit,PC-TRUCK-01,available,start of window,,,,,,,
0.0,2024-07-24T08:30:00Z,REPLAY,current_status,unit,PC-TRUCK-02,available,start of window,,,,,,,
0.0,2024-07-24T08:30:00Z,REPLAY,current_status,unit,PC-TANK-01,available,start of window,,,,,,,
0.0,2024-07-24T08:30:00Z,REPLAY,current_status,unit,PC-TANK-02,available,start of window,,,,,,,
0.0,2024-07-24T08:30:00Z,REPLAY,current_status,shelter,lf-pc-r1,open,,1000.0,0.0,0.0,,,,
0.0,2024-07-24T08:30:00Z,REPLAY,current_status,shelter,lf-pc-r2,open,,900.0,0.0,0.0,,,,
0.0,2024-07-24T08:30:00Z,REPLAY,current_status,shelter,lf-pc-s1,open,,800.0,0.0,0.0,,,,
0.0,2024-07-24T08:30:00Z,REPLAY,current_status,shelter,lf-pc-s2,open,,400.0,0.0,0.0,,,,
0.0,2024-07-24T08:30:00Z,REPLAY,current_status,shelter,lf-pc-s3,open,,450.0,0.0,0.0,,,,
0.0,2024-07-24T08:30:00Z,REPLAY,current_status,shelter,lf-pc-s4,open,,400.0,0.0,0.0,,,,
0.0,2024-07-24T08:30:00Z,REPLAY,current_status,shelter,lf-pc-s5,open,,350.0,0.0,0.0,,,,
0.0,2024-07-24T08:30:00Z,REPLAY,current_status,shelter,lf-pc-s6,open,,350.0,0.0,0.0,,,,
0.0,2024-07-24T08:30:00Z,REPLAY,current_status,shelter,lf-pc-r1,reserved,,1000.0,0.0,45.0,PC-TRUCK-02,45.0,,
0.0,2024-07-24T08:30:00Z,REPLAY,current_status,unit,PC-TRUCK-02,en_route,,,,,,,I001:mass_transport:1,I001
0.0,2024-07-24T08:30:00Z,REPLAY,current_status,shelter,lf-pc-r1,reserved,,1000.0,0.0,90.0,PC-TRUCK-01,45.0,,
0.0,2024-07-24T08:30:00Z,REPLAY,current_status,unit,PC-TRUCK-01,en_route,,,,,,,I001:mass_transport:0,I001
0.0,2024-07-24T08:30:00Z,REPLAY,current_status,unit,PC-JCB-01,en_route,,,,,,,I002:debris_clearance:0,I002
0.0,2024-07-24T08:30:00Z,REPLAY,current_status,unit,PC-POL-04,en_route,,,,,,,I003:field_assessment:0,I003
7.0,2024-07-24T08:37:01.419203092Z,REPLAY,current_status,unit,PC-POL-04,on_site,,,,,,,I003:field_assessment:0,I003
10.0,2024-07-24T08:40:00Z,REPLAY,current_status,unit,PC-JCB-02,en_route,,,,,,,I003:debris_clearance:0,I003
10.0,2024-07-24T08:40:00Z,REPLAY,current_status,unit,PC-FIRE-05,en_route,,,,,,,I004:field_assessment:0,I004
10.4,2024-07-24T08:40:25.696135833Z,REPLAY,current_status,unit,PC-TRUCK-02,on_site,,,,,,,I001:mass_transport:1,I001
12.0,2024-07-24T08:42:01.419203092Z,REPLAY,current_status,unit,PC-POL-04,available,field_assessment finished at I003,,,,,,,
15.8,2024-07-24T08:45:50.959164418Z,REPLAY,current_status,unit,PC-FIRE-05,on_site,,,,,,,I004:field_assessment:0,I004
20.0,2024-07-24T08:50:00Z,REPLAY,current_status,unit,PC-TEAM-03,en_route,,,,,,,I004:debris_clearance:0,I004
20.8,2024-07-24T08:50:50.959164418Z,REPLAY,current_status,unit,PC-FIRE-05,available,field_assessment finished at I004,,,,,,,
22.1,2024-07-24T08:52:06.242233355Z,REPLAY,current_status,unit,PC-TRUCK-01,on_site,,,,,,,I001:mass_transport:0,I001
22.5,2024-07-24T08:52:32.835585143Z,REPLAY,current_status,unit,PC-JCB-01,on_site,,,,,,,I002:debris_clearance:0,I002
27.0,2024-07-24T08:56:58.395008706Z,REPLAY,current_status,unit,PC-JCB-02,on_site,,,,,,,I003:debris_clearance:0,I003
30.0,2024-07-24T09:00:00Z,REPLAY,current_status,unit,PC-TEAM-03,en_route,rerouted: now reported closed,,,,,,I004:debris_clearance:0,
40.0,2024-07-24T09:10:00Z,REPLAY,current_status,unit,PC-AMB-06,en_route,,,,,,,I005:field_assessment:0,I005
46.7,2024-07-24T09:16:44.746311353Z,REPLAY,current_status,unit,PC-TEAM-03,on_site,,,,,,,I004:debris_clearance:0,I004
50.0,2024-07-24T09:20:00Z,REPLAY,current_status,unit,PC-BOAT-01,en_route,,,,,,,I005:water_rescue:0,I005
50.5,2024-07-24T09:20:29.575380560Z,REPLAY,current_status,shelter,lf-pc-r1,arrived,,1000.0,45.0,45.0,PC-TRUCK-02,45.0,,
50.5,2024-07-24T09:20:29.575380560Z,REPLAY,current_status,unit,PC-TRUCK-02,available,mass_transport finished at I001,,,,,,,
58.4,2024-07-24T09:28:22.326878686Z,REPLAY,current_status,unit,PC-AMB-06,on_site,,,,,,,I005:field_assessment:0,I005
60.0,2024-07-24T09:30:00Z,REPLAY,current_status,unit,PC-POL-01,en_route,,,,,,,I007:field_assessment:0,I007
60.0,2024-07-24T09:30:00Z,REPLAY,current_status,unit,PC-FIRE-07,en_route,,,,,,,I006:field_assessment:0,I006
62.5,2024-07-24T09:32:32.835585143Z,REPLAY,current_status,unit,PC-JCB-01,available,debris_clearance finished at I002,,,,,,,
62.6,2024-07-24T09:32:36.414811429Z,REPLAY,current_status,shelter,lf-pc-r1,arrived,,1000.0,90.0,0.0,PC-TRUCK-01,45.0,,
62.6,2024-07-24T09:32:36.414811429Z,REPLAY,current_status,unit,PC-TRUCK-01,available,mass_transport finished at I001,,,,,,,
63.4,2024-07-24T09:33:22.326878686Z,REPLAY,current_status,unit,PC-AMB-06,available,field_assessment finished at I005,,,,,,,
66.0,2024-07-24T09:36:02.599673444Z,REPLAY,current_status,unit,PC-POL-01,on_site,,,,,,,I007:field_assessment:0,I007
67.0,2024-07-24T09:36:58.395008706Z,REPLAY,current_status,unit,PC-JCB-02,available,debris_clearance finished at I003,,,,,,,
70.0,2024-07-24T09:40:00Z,REPLAY,current_status,unit,PC-BOAT-03,en_route,,,,,,,I007:water_rescue:0,I007
70.0,2024-07-24T09:40:00Z,REPLAY,current_status,unit,PC-AMB-04,en_route,,,,,,,I008:field_assessment:0,I008
71.0,2024-07-24T09:41:02.599673444Z,REPLAY,current_status,unit,PC-POL-01,available,field_assessment finished at I007,,,,,,,
76.2,2024-07-24T09:46:13.429570041Z,REPLAY,current_status,unit,PC-BOAT-03,on_site,,,,,,,I007:water_rescue:0,I007
78.8,2024-07-24T09:48:45.141291748Z,REPLAY,current_status,unit,PC-FIRE-07,on_site,,,,,,,I006:field_assessment:0,I006
80.0,2024-07-24T09:50:00Z,REPLAY,current_status,unit,PC-FIRE-01,en_route,,,,,,,I006:water_rescue:0,I006
80.0,2024-07-24T09:50:00Z,REPLAY,current_status,unit,PC-POL-03,en_route,,,,,,,I009:field_assessment:0,I009
81.4,2024-07-24T09:51:25.208233658Z,REPLAY,current_status,unit,PC-AMB-04,on_site,,,,,,,I008:field_assessment:0,I008
82.0,2024-07-24T09:52:01.541040485Z,REPLAY,current_status,unit,PC-BOAT-01,on_site,,,,,,,I005:water_rescue:0,I005
83.8,2024-07-24T09:53:45.141291748Z,REPLAY,current_status,unit,PC-FIRE-07,available,field_assessment finished at I006,,,,,,,
86.4,2024-07-24T09:56:25.208233658Z,REPLAY,current_status,unit,PC-AMB-04,available,field_assessment finished at I008,,,,,,,
86.7,2024-07-24T09:56:44.746311353Z,REPLAY,current_status,unit,PC-TEAM-03,available,debris_clearance finished at I004,,,,,,,
90.0,2024-07-24T10:00:00Z,REPLAY,current_status,unit,PC-FIRE-07,en_route,,,,,,,I006:water_rescue:0,I006
90.0,2024-07-24T10:00:00Z,REPLAY,current_status,unit,PC-JCB-01,en_route,,,,,,,I008:debris_clearance:0,I008
90.0,2024-07-24T10:00:00Z,REPLAY,current_status,unit,PC-FIRE-01,available,need covered by a closer unit,,,,,,,
91.1,2024-07-24T10:01:04.300153698Z,REPLAY,current_status,unit,PC-POL-03,on_site,,,,,,,I009:field_assessment:0,I009
92.0,2024-07-24T10:02:00Z,REPLAY,current_status,unit,PC-FIRE-07,on_site,,,,,,,I006:water_rescue:0,I006
92.9,2024-07-24T10:02:54.892358908Z,REPLAY,current_status,unit,PC-JCB-01,on_site,,,,,,,I008:debris_clearance:0,I008
96.1,2024-07-24T10:06:04.300153698Z,REPLAY,current_status,unit,PC-POL-03,available,field_assessment finished at I009,,,,,,,
100.0,2024-07-24T10:10:00Z,REPLAY,current_status,unit,PC-FIRE-01,en_route,,,,,,,I009:water_rescue:0,I009
114.7,2024-07-24T10:24:43.813666448Z,REPLAY,current_status,unit,PC-FIRE-01,on_site,,,,,,,I009:water_rescue:0,I009
121.2,2024-07-24T10:31:13.429570041Z,REPLAY,current_status,unit,PC-BOAT-03,available,water_rescue finished at I007,,,,,,,
127.0,2024-07-24T10:37:01.541040485Z,REPLAY,current_status,unit,PC-BOAT-01,available,water_rescue finished at I005,,,,,,,
132.9,2024-07-24T10:42:54.892358908Z,REPLAY,current_status,unit,PC-JCB-01,available,debris_clearance finished at I008,,,,,,,
137.0,2024-07-24T10:47:00Z,REPLAY,current_status,unit,PC-FIRE-07,available,water_rescue finished at I006,,,,,,,
140.0,2024-07-24T10:50:00Z,REPLAY,current_status,unit,PC-POL-04,en_route,,,,,,,I010:field_assessment:0,I010
149.2,2024-07-24T10:59:14.604262975Z,REPLAY,current_status,unit,PC-POL-04,on_site,,,,,,,I010:field_assessment:0,I010
154.2,2024-07-24T11:04:14.604262975Z,REPLAY,current_status,unit,PC-POL-04,available,field_assessment finished at I010,,,,,,,
159.7,2024-07-24T11:09:43.813666448Z,REPLAY,current_status,unit,PC-FIRE-01,available,water_rescue finished at I009,,,,,,,
170.0,2024-07-24T11:20:00Z,REPLAY,current_status,unit,PC-POL-03,en_route,,,,,,,I011:field_assessment:0,I011
176.0,2024-07-24T11:25:58.704703370Z,REPLAY,current_status,unit,PC-POL-03,on_site,,,,,,,I011:field_assessment:0,I011
180.0,2024-07-24T11:30:00Z,REPLAY,current_status,unit,PC-FIRE-01,en_route,,,,,,,I011:water_rescue:0,I011
180.0,2024-07-24T11:30:00Z,REPLAY,current_status,unit,PC-AMB-06,en_route,,,,,,,I012:field_assessment:0,I012
181.0,2024-07-24T11:30:58.704703370Z,REPLAY,current_status,unit,PC-POL-03,available,field_assessment finished at I011,,,,,,,
184.9,2024-07-24T11:34:52.752085872Z,REPLAY,current_status,unit,PC-AMB-06,on_site,,,,,,,I012:field_assessment:0,I012
186.7,2024-07-24T11:36:41.601267369Z,REPLAY,current_status,unit,PC-FIRE-01,on_site,,,,,,,I011:water_rescue:0,I011
189.9,2024-07-24T11:39:52.752085872Z,REPLAY,current_status,unit,PC-AMB-06,available,field_assessment finished at I012,,,,,,,
190.0,2024-07-24T11:40:00Z,REPLAY,current_status,unit,PC-BOAT-01,en_route,,,,,,,I012:water_rescue:0,I012
195.4,2024-07-24T11:45:23.439316077Z,REPLAY,current_status,unit,PC-BOAT-01,on_site,,,,,,,I012:water_rescue:0,I012
210.0,2024-07-24T12:00:00Z,REPLAY,current_status,unit,PC-TEAM-01,en_route,,,,,,,I014:field_assessment:0,I014
210.0,2024-07-24T12:00:00Z,REPLAY,current_status,unit,PC-TEAM-02,en_route,,,,,,,I013:field_assessment:0,I013
225.2,2024-07-24T12:15:09.356499543Z,REPLAY,current_status,unit,PC-TEAM-02,on_site,,,,,,,I013:field_assessment:0,I013
225.4,2024-07-24T12:15:25.509206748Z,REPLAY,current_status,unit,PC-TEAM-01,on_site,,,,,,,I014:field_assessment:0,I014
230.0,2024-07-24T12:20:00Z,REPLAY,current_status,unit,PC-PUMP-05,en_route,,,,,,,I014:dewatering:0,I014
230.2,2024-07-24T12:20:09.356499543Z,REPLAY,current_status,unit,PC-TEAM-02,available,field_assessment finished at I013,,,,,,,
230.4,2024-07-24T12:20:25.509206748Z,REPLAY,current_status,unit,PC-TEAM-01,available,field_assessment finished at I014,,,,,,,
231.7,2024-07-24T12:21:41.601267369Z,REPLAY,current_status,unit,PC-FIRE-01,available,water_rescue finished at I011,,,,,,,
239.7,2024-07-24T12:29:44.450903145Z,REPLAY,current_status,unit,PC-PUMP-05,on_site,,,,,,,I014:dewatering:0,I014
240.4,2024-07-24T12:30:23.439316077Z,REPLAY,current_status,unit,PC-BOAT-01,available,water_rescue finished at I012,,,,,,,
250.0,2024-07-24T12:40:00Z,REPLAY,current_status,unit,PC-FIRE-05,en_route,,,,,,,I015:field_assessment:0,I015
252.9,2024-07-24T12:42:56.324390591Z,REPLAY,current_status,unit,PC-FIRE-05,on_site,,,,,,,I015:field_assessment:0,I015
257.9,2024-07-24T12:47:56.324390591Z,REPLAY,current_status,unit,PC-FIRE-05,available,field_assessment finished at I015,,,,,,,
260.0,2024-07-24T12:50:00Z,REPLAY,current_status,unit,PC-FIRE-01,en_route,,,,,,,I016:water_rescue:0,I016
266.0,2024-07-24T12:56:00.749506582Z,REPLAY,current_status,unit,PC-FIRE-01,on_site,,,,,,,I016:water_rescue:0,I016
270.0,2024-07-24T13:00:00Z,REPLAY,current_status,unit,PC-POL-04,en_route,,,,,,,I017:field_assessment:0,I017
282.3,2024-07-24T13:12:19.759739057Z,REPLAY,current_status,unit,PC-POL-04,on_site,,,,,,,I017:field_assessment:0,I017
287.3,2024-07-24T13:17:19.759739057Z,REPLAY,current_status,unit,PC-POL-04,available,field_assessment finished at I017,,,,,,,
290.0,2024-07-24T13:20:00Z,REPLAY,current_status,unit,PC-TEAM-03,en_route,,,,,,,I018:debris_clearance:0,I018
290.0,2024-07-24T13:20:00Z,REPLAY,current_status,unit,PC-JCB-02,en_route,,,,,,,I017:debris_clearance:0,I017
299.7,2024-07-24T13:29:44.450903145Z,REPLAY,current_status,unit,PC-PUMP-05,available,dewatering finished at I014,,,,,,,
300.0,2024-07-24T13:30:00Z,REPLAY,current_status,unit,PC-TEAM-03,en_route,rerouted: now reported closed,,,,,,I018:debris_clearance:0,
303.1,2024-07-24T13:33:06.654630680Z,REPLAY,current_status,unit,PC-TEAM-03,on_site,,,,,,,I018:debris_clearance:0,I018
310.0,2024-07-24T13:40:00Z,REPLAY,current_status,unit,PC-FIRE-06,en_route,,,,,,,I019:field_assessment:0,I019
311.0,2024-07-24T13:41:00.749506582Z,REPLAY,current_status,unit,PC-FIRE-01,available,water_rescue finished at I016,,,,,,,
317.0,2024-07-24T13:47:00.396300553Z,REPLAY,current_status,unit,PC-JCB-02,on_site,,,,,,,I017:debris_clearance:0,I017
319.8,2024-07-24T13:49:45.691556235Z,REPLAY,current_status,unit,PC-FIRE-06,on_site,,,,,,,I019:field_assessment:0,I019
320.0,2024-07-24T13:50:00Z,REPLAY,current_status,unit,PC-FIRE-07,en_route,,,,,,,I020:field_assessment:0,I020
323.0,2024-07-24T13:53:00Z,REPLAY,current_status,unit,PC-FIRE-07,available,no passable road to the need (need returns to the pool),,,,,,,
324.8,2024-07-24T13:54:45.691556235Z,REPLAY,current_status,unit,PC-FIRE-06,available,field_assessment finished at I019,,,,,,,
330.0,2024-07-24T14:00:00Z,REPLAY,current_status,unit,PC-AMB-04,en_route,,,,,,,I020:field_assessment:0,I020
343.1,2024-07-24T14:13:06.654630680Z,REPLAY,current_status,unit,PC-TEAM-03,available,debris_clearance finished at I018,,,,,,,
347.0,2024-07-24T14:16:58.006057922Z,REPLAY,current_status,unit,PC-AMB-04,on_site,,,,,,,I020:field_assessment:0,I020
350.0,2024-07-24T14:20:00Z,REPLAY,current_status,unit,PC-JCB-01,en_route,,,,,,,I020:debris_clearance:0,I020
350.0,2024-07-24T14:20:00Z,REPLAY,current_status,unit,PC-BOAT-03,en_route,,,,,,,I021:field_assessment:0,I021
352.0,2024-07-24T14:21:58.006057922Z,REPLAY,current_status,unit,PC-AMB-04,available,field_assessment finished at I020,,,,,,,
355.4,2024-07-24T14:25:25.702107383Z,REPLAY,current_status,unit,PC-BOAT-03,on_site,,,,,,,I021:field_assessment:0,I021
357.0,2024-07-24T14:27:00.396300553Z,REPLAY,current_status,unit,PC-JCB-02,available,debris_clearance finished at I017,,,,,,,
360.0,2024-07-24T14:30:00Z,REPLAY,current_status,unit,PC-TEAM-01,en_route,,,,,,,I022:field_assessment:0,I022
360.4,2024-07-24T14:30:25.702107383Z,REPLAY,current_status,unit,PC-BOAT-03,available,field_assessment finished at I021,,,,,,,
365.2,2024-07-24T14:35:12.395237624Z,REPLAY,current_status,unit,PC-TEAM-01,on_site,,,,,,,I022:field_assessment:0,I022
370.0,2024-07-24T14:40:00Z,REPLAY,current_status,unit,PC-FIRE-04,en_route,,,,,,,I022:water_rescue:0,I022
370.0,2024-07-24T14:40:00Z,REPLAY,current_status,unit,PC-POL-02,en_route,,,,,,,I023:field_assessment:0,I023
370.2,2024-07-24T14:40:12.395237624Z,REPLAY,current_status,unit,PC-TEAM-01,available,field_assessment finished at I022,,,,,,,
377.9,2024-07-24T14:47:53.759231670Z,REPLAY,current_status,unit,PC-POL-02,on_site,,,,,,,I023:field_assessment:0,I023
380.0,2024-07-24T14:50:00Z,REPLAY,current_status,unit,PC-FIRE-06,en_route,,,,,,,I023:water_rescue:0,I023
380.0,2024-07-24T14:50:00Z,REPLAY,current_status,unit,PC-JCB-02,en_route,,,,,,,I024:debris_clearance:0,I024
380.0,2024-07-24T14:50:00Z,REPLAY,current_status,unit,PC-TEAM-03,en_route,,,,,,,I026:field_assessment:0,I026
380.0,2024-07-24T14:50:00Z,REPLAY,current_status,unit,PC-POL-03,en_route,,,,,,,I025:field_assessment:0,I025
380.2,2024-07-24T14:50:09.948253341Z,REPLAY,current_status,unit,PC-FIRE-04,on_site,,,,,,,I022:water_rescue:0,I022
382.9,2024-07-24T14:52:53.759231670Z,REPLAY,current_status,unit,PC-POL-02,available,field_assessment finished at I023,,,,,,,
384.1,2024-07-24T14:54:04.927180623Z,REPLAY,current_status,unit,PC-TEAM-03,on_site,,,,,,,I026:field_assessment:0,I026
386.0,2024-07-24T14:56:02.003560207Z,REPLAY,current_status,unit,PC-JCB-01,on_site,,,,,,,I020:debris_clearance:0,I020
389.1,2024-07-24T14:59:04.927180623Z,REPLAY,current_status,unit,PC-TEAM-03,available,field_assessment finished at I026,,,,,,,
392.3,2024-07-24T15:02:18.505941366Z,REPLAY,current_status,unit,PC-JCB-02,available,no passable road to the need (need returns to the pool),,,,,,,
390.0,2024-07-24T15:00:00Z,REPLAY,current_status,unit,PC-TEAM-03,en_route,,,,,,,I026:debris_clearance:0,I026
390.0,2024-07-24T15:00:00Z,REPLAY,current_status,unit,PC-TEAM-02,en_route,,,,,,,I024:debris_clearance:0,I024
390.3,2024-07-24T15:00:16.182417038Z,REPLAY,current_status,unit,PC-POL-03,on_site,,,,,,,I025:field_assessment:0,I025
393.6,2024-07-24T15:03:34.172413613Z,REPLAY,current_status,unit,PC-FIRE-06,on_site,,,,,,,I023:water_rescue:0,I023
394.1,2024-07-24T15:04:04.927180623Z,REPLAY,current_status,unit,PC-TEAM-03,on_site,,,,,,,I026:debris_clearance:0,I026
395.3,2024-07-24T15:05:16.182417038Z,REPLAY,current_status,unit,PC-POL-03,available,field_assessment finished at I025,,,,,,,
400.0,2024-07-24T15:10:00Z,REPLAY,current_status,unit,PC-JCB-02,en_route,,,,,,,I025:debris_clearance:0,I025
410.0,2024-07-24T15:20:00Z,REPLAY,current_status,unit,PC-AMB-04,en_route,,,,,,,I027:field_assessment:0,I027
418.1,2024-07-24T15:28:03.268873336Z,REPLAY,current_status,unit,PC-JCB-02,on_site,,,,,,,I025:debris_clearance:0,I025
420.8,2024-07-24T15:30:46.648663174Z,REPLAY,current_status,unit,PC-TEAM-02,on_site,,,,,,,I024:debris_clearance:0,I024
425.2,2024-07-24T15:35:09.948253341Z,REPLAY,current_status,unit,PC-FIRE-04,available,water_rescue finished at I022,,,,,,,
426.0,2024-07-24T15:36:02.003560207Z,REPLAY,current_status,unit,PC-JCB-01,available,debris_clearance finished at I020,,,,,,,
427.1,2024-07-24T15:37:06.259830643Z,REPLAY,current_status,unit,PC-AMB-04,available,no passable road to the need (need returns to the pool),,,,,,,
434.1,2024-07-24T15:44:04.927180623Z,REPLAY,current_status,unit,PC-TEAM-03,available,debris_clearance finished at I026,,,,,,,
438.6,2024-07-24T15:48:34.172413613Z,REPLAY,current_status,unit,PC-FIRE-06,available,water_rescue finished at I023,,,,,,,
458.1,2024-07-24T16:08:03.268873336Z,REPLAY,current_status,unit,PC-JCB-02,available,debris_clearance finished at I025,,,,,,,
460.0,2024-07-24T16:10:00Z,REPLAY,current_status,unit,PC-FIRE-04,en_route,,,,,,,I028:field_assessment:0,I028
460.8,2024-07-24T16:10:46.648663174Z,REPLAY,current_status,unit,PC-TEAM-02,available,debris_clearance finished at I024,,,,,,,
470.0,2024-07-24T16:20:00Z,REPLAY,current_status,unit,PC-FIRE-06,en_route,,,,,,,I029:field_assessment:0,I029
470.0,2024-07-24T16:20:00Z,REPLAY,current_status,unit,PC-AMB-03,en_route,,,,,,,I030:field_assessment:0,I030
472.8,2024-07-24T16:22:49.164347263Z,REPLAY,current_status,unit,PC-AMB-03,en_route,rerouted: crew found the road blocked,,,,,,I030:field_assessment:0,
473.7,2024-07-24T16:23:44.760486586Z,REPLAY,current_status,unit,PC-FIRE-04,on_site,,,,,,,I028:field_assessment:0,I028
474.8,2024-07-24T16:24:49.164347263Z,REPLAY,current_status,unit,PC-AMB-03,available,no passable road to the need (need returns to the pool),,,,,,,
475.8,2024-07-24T16:25:47.149203177Z,REPLAY,current_status,unit,PC-FIRE-06,on_site,,,,,,,I029:field_assessment:0,I029
478.7,2024-07-24T16:28:44.760486586Z,REPLAY,current_status,unit,PC-FIRE-04,available,field_assessment finished at I028,,,,,,,
480.0,2024-07-24T16:30:00Z,REPLAY,current_status,unit,PC-TEAM-01,en_route,,,,,,,I028:debris_clearance:0,I028
480.0,2024-07-24T16:30:00Z,REPLAY,current_status,unit,PC-JCB-02,en_route,,,,,,,I029:debris_clearance:0,I029
480.0,2024-07-24T16:30:00Z,REPLAY,current_status,unit,PC-FIRE-05,en_route,,,,,,,I031:field_assessment:0,I031
480.0,2024-07-24T16:30:00Z,REPLAY,current_status,unit,PC-POL-03,en_route,,,,,,,I030:field_assessment:0,I030
480.8,2024-07-24T16:30:47.149203177Z,REPLAY,current_status,unit,PC-FIRE-06,available,field_assessment finished at I029,,,,,,,
487.4,2024-07-24T16:37:25.112308136Z,REPLAY,current_status,unit,PC-FIRE-05,on_site,,,,,,,I031:field_assessment:0,I031
490.0,2024-07-24T16:40:00Z,REPLAY,current_status,unit,PC-TEAM-02,en_route,,,,,,,I031:debris_clearance:0,I031
492.4,2024-07-24T16:42:25.112308136Z,REPLAY,current_status,unit,PC-FIRE-05,available,field_assessment finished at I031,,,,,,,
492.7,2024-07-24T16:42:39.833721408Z,REPLAY,current_status,unit,PC-POL-03,on_site,,,,,,,I030:field_assessment:0,I030
497.7,2024-07-24T16:47:39.833721408Z,REPLAY,current_status,unit,PC-POL-03,available,field_assessment finished at I030,,,,,,,
500.0,2024-07-24T16:50:00Z,REPLAY,current_status,unit,PC-TEAM-02,en_route,,,,,,,I030:debris_clearance:0,I030
500.0,2024-07-24T16:50:00Z,REPLAY,current_status,unit,PC-TEAM-01,en_route,,,,,,,I031:debris_clearance:0,I031
510.0,2024-07-24T17:00:00Z,REPLAY,current_status,unit,PC-AMB-05,en_route,,,,,,,I032:field_assessment:0,I032
513.2,2024-07-24T17:03:09.258163084Z,REPLAY,current_status,unit,PC-TEAM-02,on_site,,,,,,,I030:debris_clearance:0,I030
516.0,2024-07-24T17:05:59.082278373Z,REPLAY,current_status,unit,PC-TEAM-01,on_site,,,,,,,I031:debris_clearance:0,I031
520.0,2024-07-24T17:10:00Z,REPLAY,current_status,unit,PC-BOAT-01,en_route,,,,,,,I033:field_assessment:0,I033
521.2,2024-07-24T17:11:14.407124074Z,REPLAY,current_status,unit,PC-AMB-05,on_site,,,,,,,I032:field_assessment:0,I032
525.9,2024-07-24T17:15:56.237649131Z,REPLAY,current_status,unit,PC-JCB-02,on_site,,,,,,,I029:debris_clearance:0,I029
526.2,2024-07-24T17:16:14.407124074Z,REPLAY,current_status,unit,PC-AMB-05,available,field_assessment finished at I032,,,,,,,
530.0,2024-07-24T17:20:00Z,REPLAY,current_status,unit,PC-AMB-05,en_route,,,,,,,I034:medical_transport:0,I034
530.0,2024-07-24T17:20:00Z,REPLAY,current_status,unit,PC-POL-03,en_route,,,,,,,I034:traffic_control:0,I034
530.0,2024-07-24T17:20:00Z,REPLAY,current_status,unit,PC-JCB-01,en_route,,,,,,,I032:debris_clearance:0,I032
540.0,2024-07-24T17:30:00Z,REPLAY,current_status,unit,PC-AMB-05,en_route,rerouted: now reported closed,,,,,,I034:medical_transport:0,
543.3,2024-07-24T17:33:20.292898960Z,REPLAY,current_status,unit,PC-AMB-05,on_site,,,,,,,I034:medical_transport:0,I034
546.9,2024-07-24T17:36:51.129656566Z,REPLAY,current_status,unit,PC-POL-03,on_site,,,,,,,I034:traffic_control:0,I034
552.9,2024-07-24T17:42:54.498643436Z,REPLAY,current_status,unit,PC-JCB-01,on_site,,,,,,,I032:debris_clearance:0,I032
553.2,2024-07-24T17:43:09.258163084Z,REPLAY,current_status,unit,PC-TEAM-02,available,debris_clearance finished at I030,,,,,,,
556.0,2024-07-24T17:45:59.082278373Z,REPLAY,current_status,unit,PC-TEAM-01,available,debris_clearance finished at I031,,,,,,,
560.0,2024-07-24T17:50:00Z,REPLAY,current_status,unit,PC-TEAM-01,en_route,,,,,,,I028:debris_clearance:0,I028
562.2,2024-07-24T17:52:09.550902998Z,REPLAY,current_status,unit,PC-BOAT-01,on_site,,,,,,,I033:field_assessment:0,I033
565.9,2024-07-24T17:55:56.237649131Z,REPLAY,current_status,unit,PC-JCB-02,available,debris_clearance finished at I029,,,,,,,
567.2,2024-07-24T17:57:09.550902998Z,REPLAY,current_status,unit,PC-BOAT-01,available,field_assessment finished at I033,,,,,,,
570.0,2024-07-24T18:00:00Z,REPLAY,current_status,unit,PC-FIRE-05,en_route,,,,,,,I035:field_assessment:0,I035
570.1,2024-07-24T18:00:07.525560233Z,REPLAY,current_status,unit,PC-AMB-05,available,medical_transport finished at I034,,,,,,,
573.5,2024-07-24T18:03:32.875579571Z,REPLAY,current_status,unit,PC-FIRE-05,on_site,,,,,,,I035:field_assessment:0,I035
578.5,2024-07-24T18:08:32.875579571Z,REPLAY,current_status,unit,PC-FIRE-05,available,field_assessment finished at I035,,,,,,,
580.0,2024-07-24T18:10:00Z,REPLAY,current_status,unit,PC-TEAM-03,en_route,,,,,,,I036:field_assessment:0,I036
583.4,2024-07-24T18:13:22.500030137Z,REPLAY,current_status,unit,PC-TEAM-03,on_site,,,,,,,I036:field_assessment:0,I036
583.7,2024-07-24T18:13:44.255184457Z,REPLAY,current_status,unit,PC-TEAM-01,on_site,,,,,,,I028:debris_clearance:0,I028
588.4,2024-07-24T18:18:22.500030137Z,REPLAY,current_status,unit,PC-TEAM-03,available,field_assessment finished at I036,,,,,,,
590.0,2024-07-24T18:20:00Z,REPLAY,current_status,unit,PC-FIRE-06,en_route,,,,,,,I037:field_assessment:0,I037
591.9,2024-07-24T18:21:51.129656566Z,REPLAY,current_status,unit,PC-POL-03,available,traffic_control finished at I034,,,,,,,
592.2,2024-07-24T18:22:13.040981758Z,REPLAY,current_status,unit,PC-FIRE-06,on_site,,,,,,,I037:field_assessment:0,I037
592.9,2024-07-24T18:22:54.498643436Z,REPLAY,current_status,unit,PC-JCB-01,available,debris_clearance finished at I032,,,,,,,
597.2,2024-07-24T18:27:13.040981758Z,REPLAY,current_status,unit,PC-FIRE-06,available,field_assessment finished at I037,,,,,,,
600.0,2024-07-24T18:30:00Z,REPLAY,current_status,unit,PC-JCB-02,en_route,,,,,,,I037:debris_clearance:0,I037
603.5,2024-07-24T18:33:27.429798385Z,REPLAY,current_status,unit,PC-JCB-02,on_site,,,,,,,I037:debris_clearance:0,I037
623.7,2024-07-24T18:53:44.255184457Z,REPLAY,current_status,unit,PC-TEAM-01,available,debris_clearance finished at I028,,,,,,,
640.0,2024-07-24T19:10:00Z,REPLAY,current_status,unit,PC-FIRE-05,en_route,,,,,,,I038:field_assessment:0,I038
643.5,2024-07-24T19:13:27.429798385Z,REPLAY,current_status,unit,PC-JCB-02,available,debris_clearance finished at I037,,,,,,,
649.2,2024-07-24T19:19:09.590515315Z,REPLAY,current_status,unit,PC-FIRE-05,on_site,,,,,,,I038:field_assessment:0,I038
650.0,2024-07-24T19:20:00Z,REPLAY,current_status,unit,PC-FIRE-04,en_route,,,,,,,I038:water_rescue:0,I038
654.2,2024-07-24T19:24:09.590515315Z,REPLAY,current_status,unit,PC-FIRE-05,available,field_assessment finished at I038,,,,,,,
660.3,2024-07-24T19:30:19.162523194Z,REPLAY,current_status,unit,PC-FIRE-04,on_site,,,,,,,I038:water_rescue:0,I038
705.3,2024-07-24T20:15:19.162523194Z,REPLAY,current_status,unit,PC-FIRE-04,available,water_rescue finished at I038,,,,,,,
720.0,2024-07-24T20:30:00Z,REPLAY,current_status,unit,PC-FIRE-02,en_route,,,,,,,I040:field_assessment:0,I040
720.0,2024-07-24T20:30:00Z,REPLAY,current_status,unit,PC-FIRE-03,en_route,,,,,,,I039:field_assessment:0,I039
720.0,2024-07-24T20:30:00Z,REPLAY,current_status,unit,PC-POL-04,en_route,,,,,,,I041:field_assessment:0,I041
