t_min,t_replay,time_label,policy,unit,leg,what,planned_min,actual_min,invalid,reroutes,arrived
39.9,2023-05-17T07:39:51.539543888Z,REPLAY,current_status,PC-AMB-06,1,I001:medical_transport:0,17.4,17.9,False,0,True
49.9,2023-05-17T07:49:51.539543888Z,REPLAY,current_status,PC-AMB-06,1b,to hospital,,11.2,False,0,True
42.7,2023-05-17T07:42:39.835095443Z,REPLAY,current_status,PC-POL-03,1,I001:traffic_control:0,20.0,20.7,False,0,True
45.9,2023-05-17T07:45:56.350281451Z,REPLAY,current_status,PC-POL-02,1,I002:field_assessment:0,3.6,3.9,False,0,True
107.9,2023-05-17T08:47:52.405073540Z,REPLAY,current_status,PC-POL-01,1,I003:field_assessment:0,6.1,5.9,False,0,True
156.9,2023-05-17T09:36:53.471439163Z,REPLAY,current_status,PC-AMB-01,1,I004:field_assessment:0,4.9,4.9,False,0,True
169.9,2023-05-17T09:49:53.293986683Z,REPLAY,current_status,PC-TEAM-01,1,I004:debris_clearance:0,7.9,7.9,False,0,True
229.9,2023-05-17T10:49:55.561606422Z,REPLAY,current_status,PC-AMB-06,2,I005:field_assessment:0,7.2,7.9,False,0,True
241.7,2023-05-17T11:01:40.544355120Z,REPLAY,current_status,PC-AMB-03,1,I005:medical_transport:0,9.8,9.7,False,0,True
251.7,2023-05-17T11:11:40.544355120Z,REPLAY,current_status,PC-AMB-03,1b,to hospital,,3.7,False,0,True
243.8,2023-05-17T11:03:47.845063949Z,REPLAY,current_status,PC-POL-02,2,I005:traffic_control:0,12.0,11.8,False,0,True
272.3,2023-05-17T11:32:16.159693660Z,REPLAY,current_status,PC-AMB-06,3,I006:field_assessment:0,0.3,0.3,False,0,True
286.1,2023-05-17T11:46:04.292045189Z,REPLAY,current_status,PC-POL-01,2,I007:field_assessment:0,4.5,4.1,True,0,False
297.9,2023-05-17T11:57:54.568492667Z,REPLAY,current_status,PC-TEAM-03,1,I007:field_assessment:0,6.1,5.9,False,0,True
308.2,2023-05-17T12:08:12.465885654Z,REPLAY,current_status,PC-AMB-04,1,I007:medical_transport:0,5.6,6.2,False,0,True
318.2,2023-05-17T12:18:12.465885654Z,REPLAY,current_status,PC-AMB-04,1b,to hospital,,47.1,False,0,True
312.4,2023-05-17T12:12:22.768803048Z,REPLAY,current_status,PC-POL-02,3,I007:traffic_control:0,9.1,10.4,False,0,True
353.0,2023-05-17T12:53:00.737989369Z,REPLAY,current_status,PC-TEAM-03,2,I009:field_assessment:0,1.0,1.0,False,0,True
353.7,2023-05-17T12:53:41.362121735Z,REPLAY,current_status,PC-POL-03,2,I008:field_assessment:0,1.8,1.7,False,0,True
362.8,2023-05-17T13:02:49.428722895Z,REPLAY,current_status,PC-POL-02,4,I009:traffic_control:0,0.8,0.8,False,0,True
367.3,2023-05-17T13:07:18.550388317Z,REPLAY,current_status,PC-AMB-01,2,I009:medical_transport:0,5.3,5.3,False,0,True
377.3,2023-05-17T13:17:18.550388317Z,REPLAY,current_status,PC-AMB-01,2b,to hospital,,7.7,False,0,True
380.3,2023-05-17T13:20:17.079574119Z,REPLAY,current_status,PC-POL-03,3,I010:field_assessment:0,8.4,8.3,False,0,True
420.3,2023-05-17T14:00:20.920924204Z,REPLAY,current_status,PC-POL-03,4,I011:traffic_control:0,8.1,8.3,False,0,True
424.8,2023-05-17T14:04:49.296235265Z,REPLAY,current_status,PC-AMB-03,2,I011:medical_transport:0,12.1,12.8,False,0,True
434.8,2023-05-17T14:14:49.296235265Z,REPLAY,current_status,PC-AMB-03,2b,to hospital,,8.3,False,0,True
473.8,2023-05-17T14:53:46.236374880Z,REPLAY,current_status,PC-POL-03,5,I012:field_assessment:0,1.8,1.8,False,0,True
492.8,2023-05-17T15:12:47.066069137Z,REPLAY,current_status,PC-TEAM-02,1,I013:field_assessment:0,9.6,10.8,False,0,True
494.1,2023-05-17T15:14:04.976886457Z,REPLAY,current_status,PC-POL-03,6,I014:field_assessment:0,2.1,2.1,False,0,True
504.1,2023-05-17T15:24:04.976886457Z,REPLAY,current_status,PC-POL-03,7,I014:traffic_control:0,2.1,2.1,False,0,True
504.3,2023-05-17T15:24:18.389235891Z,REPLAY,current_status,PC-TEAM-02,2,I013:debris_clearance:0,2.3,2.3,False,0,True
511.8,2023-05-17T15:31:47.936063580Z,REPLAY,current_status,PC-AMB-03,3,I014:medical_transport:0,9.3,9.8,False,0,True
521.8,2023-05-17T15:41:47.936063580Z,REPLAY,current_status,PC-AMB-03,3b,to hospital,,9.6,False,0,True
658.0,2023-05-17T17:58:00.170135257Z,REPLAY,current_status,PC-FIRE-07,1,I015:field_assessment:0,6.1,6.0,False,0,True
687.3,2023-05-17T18:27:18.900620035Z,REPLAY,current_status,PC-JCB-01,1,I015:debris_clearance:0,19.1,25.3,False,0,True
707.7,2023-05-17T18:47:40.670748908Z,REPLAY,current_status,PC-POL-02,5,I016:field_assessment:0,5.9,5.7,False,0,True
718.5,2023-05-17T18:58:27.699190443Z,REPLAY,current_status,PC-AMB-02,1,I016:medical_transport:0,6.3,6.5,False,0,True
728.5,2023-05-17T19:08:27.699190443Z,REPLAY,current_status,PC-AMB-02,1b,to hospital,,33.2,False,0,True
