t_min,t_replay,time_label,policy,subject,id,state,note,capacity,occupancy,reserved,task,incident,unit,people
0.0,2025-09-28T11:00:00Z,REPLAY,current_status,unit,PC-AMB-01,available,start of window,,,,,,,
0.0,2025-09-28T11:00:00Z,REPLAY,current_status,unit,PC-AMB-02,available,start of window,,,,,,,
0.0,2025-09-28T11:00:00Z,REPLAY,current_status,unit,PC-AMB-03,available,start of window,,,,,,,
0.0,2025-09-28T11:00:00Z,REPLAY,current_status,unit,PC-AMB-04,available,start of window,,,,,,,
0.0,2025-09-28T11:00:00Z,REPLAY,current_status,unit,PC-AMB-05,available,start of window,,,,,,,
0.0,2025-09-28T11:00:00Z,REPLAY,current_status,unit,PC-AMB-06,available,start of window,,,,,,,
0.0,2025-09-28T11:00:00Z,REPLAY,current_status,unit,PC-BOAT-01,available,start of window,,,,,,,
0.0,2025-09-28T11:00:00Z,REPLAY,current_status,unit,PC-BOAT-02,available,start of window,,,,,,,
0.0,2025-09-28T11:00:00Z,REPLAY,current_status,unit,PC-BOAT-03,available,start of window,,,,,,,
0.0,2025-09-28T11:00:00Z,REPLAY,current_status,unit,PC-BUS-01,available,start of window,,,,,,,
0.0,2025-09-28T11:00:00Z,REPLAY,current_status,unit,PC-BUS-02,available,start of window,,,,,,,
0.0,2025-09-28T11:00:00Z,REPLAY,current_status,unit,PC-FIRE-01,available,start of window,,,,,,,
0.0,2025-09-28T11:00:00Z,REPLAY,current_status,unit,PC-FIRE-02,available,start of window,,,,,,,
0.0,2025-09-28T11:00:00Z,REPLAY,current_status,unit,PC-FIRE-03,available,start of window,,,,,,,
0.0,2025-09-28T11:00:00Z,REPLAY,current_status,unit,PC-FIRE-04,available,start of window,,,,,,,
0.0,2025-09-28T11:00:00Z,REPLAY,current_status,unit,PC-FIRE-05,available,start of window,,,,,,,
0.0,2025-09-28T11:00:00Z,REPLAY,current_status,unit,PC-FIRE-06,available,start of window,,,,,,,
0.0,2025-09-28T11:00:00Z,REPLAY,current_status,unit,PC-FIRE-07,available,start of window,,,,,,,
0.0,2025-09-28T11:00:00Z,REPLAY,current_status,unit,PC-JCB-01,available,start of window,,,,,,,
0.0,2025-09-28T11:00:00Z,REPLAY,current_status,unit,PC-JCB-02,available,start of window,,,,,,,
0.0,2025-09-28T11:00:00Z,REPLAY,current_status,unit,PC-POL-01,available,start of window,,,,,,,
0.0,2025-09-28T11:00:00Z,REPLAY,current_status,unit,PC-POL-02,available,start of window,,,,,,,
0.0,2025-09-28T11:00:00Z,REPLAY,current_status,unit,PC-POL-03,available,start of window,,,,,,,
0.0,2025-09-28T11:00:00Z,REPLAY,current_status,unit,PC-POL-04,available,start of window,,,,,,,
0.0,2025-09-28T11:00:00Z,REPLAY,current_status,unit,PC-PUMP-01,available,start of window,,,,,,,
0.0,2025-09-28T11:00:00Z,REPLAY,current_status,unit,PC-PUMP-02,available,start of window,,,,,,,
0.0,2025-09-28T11:00:00Z,REPLAY,current_status,unit,PC-PUMP-03,available,start of window,,,,,,,
0.0,2025-09-28T11:00:00Z,REPLAY,current_status,unit,PC-PUMP-04,available,start of window,,,,,,,
0.0,2025-09-28T11:00:00Z,REPLAY,current_status,unit,PC-PUMP-05,available,start of window,,,,,,,
0.0,2025-09-28T11:00:00Z,REPLAY,current_status,unit,PC-TEAM-01,available,start of window,,,,,,,
0.0,2025-09-28T11:00:00Z,REPLAY,current_status,unit,PC-TEAM-02,available,start of window,,,,,,,
0.0,2025-09-28T11:00:00Z,REPLAY,current_status,unit,PC-TEAM-03,available,start of window,,,,,,,
0.0,2025-09-28T11:00:00Z,REPLAY,current_status,unit,PC-TRUCK-01,available,start of window,,,,,,,
0.0,2025-09-28T11:00:00Z,REPLAY,current_status,unit,PC-TRUCK-02,available,start of window,,,,,,,
0.0,2025-09-28T11:00:00Z,REPLAY,current_status,unit,PC-TANK-01,available,start of window,,,,,,,
0.0,2025-09-28T11:00:00Z,REPLAY,current_status,unit,PC-TANK-02,available,start of window,,,,,,,
0.0,2025-09-28T11:00:00Z,REPLAY,current_status,shelter,lf-pc-r1,open,,1000.0,0.0,0.0,,,,
0.0,2025-09-28T11:00:00Z,REPLAY,current_status,shelter,lf-pc-r2,open,,900.0,0.0,0.0,,,,
0.0,2025-09-28T11:00:00Z,REPLAY,current_status,shelter,lf-pc-s1,open,,800.0,0.0,0.0,,,,
0.0,2025-09-28T11:00:00Z,REPLAY,current_status,shelter,lf-pc-s2,open,,400.0,0.0,0.0,,,,
0.0,2025-09-28T11:00:00Z,REPLAY,current_status,shelter,lf-pc-s3,open,,450.0,0.0,0.0,,,,
0.0,2025-09-28T11:00:00Z,REPLAY,current_status,shelter,lf-pc-s4,open,,400.0,0.0,0.0,,,,
0.0,2025-09-28T11:00:00Z,REPLAY,current_status,shelter,lf-pc-s5,open,,350.0,0.0,0.0,,,,
0.0,2025-09-28T11:00:00Z,REPLAY,current_status,shelter,lf-pc-s6,open,,350.0,0.0,0.0,,,,
0.0,2025-09-28T11:00:00Z,REPLAY,current_status,unit,PC-AMB-04,en_route,,,,,I007:field_assessment:0,I007,,
0.0,2025-09-28T11:00:00Z,REPLAY,current_status,unit,PC-FIRE-07,en_route,,,,,I002:field_assessment:0,I002,,
0.0,2025-09-28T11:00:00Z,REPLAY,current_status,unit,PC-FIRE-06,en_route,,,,,I006:field_assessment:0,I006,,
0.0,2025-09-28T11:00:00Z,REPLAY,current_status,unit,PC-POL-03,en_route,,,,,I005:field_assessment:0,I005,,
0.0,2025-09-28T11:00:00Z,REPLAY,current_status,unit,PC-AMB-01,en_route,,,,,I003:field_assessment:0,I003,,
0.0,2025-09-28T11:00:00Z,REPLAY,current_status,unit,PC-AMB-05,en_route,,,,,I001:field_assessment:0,I001,,
0.0,2025-09-28T11:00:00Z,REPLAY,current_status,unit,PC-AMB-02,en_route,,,,,I004:field_assessment:0,I004,,
0.0,2025-09-28T11:00:00Z,REPLAY,current_status,unit,PC-POL-01,en_route,,,,,I008:field_assessment:0,I008,,
3.8,2025-09-28T11:03:49.408667134Z,REPLAY,current_status,unit,PC-AMB-01,en_route,rerouted: crew found the road blocked,,,,I003:field_assessment:0,,,
3.8,2025-09-28T11:03:49.408667134Z,REPLAY,current_status,unit,PC-AMB-02,en_route,rerouted: crew found the road blocked,,,,I004:field_assessment:0,,,
7.0,2025-09-28T11:07:00.945143229Z,REPLAY,current_status,unit,PC-FIRE-07,on_site,,,,,I002:field_assessment:0,I002,,
7.2,2025-09-28T11:07:10.311380361Z,REPLAY,current_status,unit,PC-AMB-04,on_site,,,,,I007:field_assessment:0,I007,,
10.0,2025-09-28T11:10:00Z,REPLAY,current_status,unit,PC-FIRE-04,en_route,,,,,I002:water_rescue:0,I002,,
10.0,2025-09-28T11:10:00Z,REPLAY,current_status,shelter,lf-pc-s4,reserved,,400.0,0.0,45.0,,,PC-TRUCK-01,45.0
10.0,2025-09-28T11:10:00Z,REPLAY,current_status,unit,PC-TRUCK-01,en_route,,,,,I002:mass_transport:2,I002,,
10.0,2025-09-28T11:10:00Z,REPLAY,current_status,shelter,lf-pc-s4,reserved,,400.0,0.0,90.0,,,PC-TRUCK-02,45.0
10.0,2025-09-28T11:10:00Z,REPLAY,current_status,unit,PC-TRUCK-02,en_route,,,,,I002:mass_transport:0,I002,,
10.0,2025-09-28T11:10:00Z,REPLAY,current_status,unit,PC-BOAT-03,en_route,,,,,I009:field_assessment:0,I009,,
10.0,2025-09-28T11:10:00Z,REPLAY,current_status,unit,PC-POL-02,en_route,,,,,I010:field_assessment:0,I010,,
10.0,2025-09-28T11:10:00Z,REPLAY,current_status,unit,PC-POL-04,en_route,,,,,I011:field_assessment:0,I011,,
10.0,2025-09-28T11:10:00Z,REPLAY,current_status,unit,PC-FIRE-01,en_route,,,,,I014:field_assessment:0,I014,,
10.0,2025-09-28T11:10:00Z,REPLAY,current_status,unit,PC-TEAM-02,en_route,,,,,I012:field_assessment:0,I012,,
10.0,2025-09-28T11:10:00Z,REPLAY,current_status,unit,PC-FIRE-02,en_route,,,,,I013:field_assessment:0,I013,,
10.6,2025-09-28T11:10:33.636575002Z,REPLAY,current_status,unit,PC-FIRE-06,on_site,,,,,I006:field_assessment:0,I006,,
12.0,2025-09-28T11:12:00.945143229Z,REPLAY,current_status,unit,PC-FIRE-07,available,field_assessment finished at I002,,,,,,,
12.2,2025-09-28T11:12:10.311380361Z,REPLAY,current_status,unit,PC-AMB-04,available,field_assessment finished at I007,,,,,,,
14.1,2025-09-28T11:14:08.787700857Z,REPLAY,current_status,unit,PC-POL-03,on_site,,,,,I005:field_assessment:0,I005,,
14.2,2025-09-28T11:14:13.754302779Z,REPLAY,current_status,unit,PC-AMB-05,on_site,,,,,I001:field_assessment:0,I001,,
14.3,2025-09-28T11:14:19.157007430Z,REPLAY,current_status,unit,PC-AMB-01,en_route,rerouted: crew found the road blocked,,,,I003:field_assessment:0,,,
15.4,2025-09-28T11:15:24.393017105Z,REPLAY,current_status,unit,PC-AMB-01,en_route,rerouted: crew found the road blocked,,,,I003:field_assessment:0,,,
15.5,2025-09-28T11:15:30.861696057Z,REPLAY,current_status,unit,PC-POL-02,on_site,,,,,I010:field_assessment:0,I010,,
15.6,2025-09-28T11:15:33.636575002Z,REPLAY,current_status,unit,PC-FIRE-06,available,field_assessment finished at I006,,,,,,,
17.4,2025-09-28T11:17:22.644010597Z,REPLAY,current_status,unit,PC-AMB-01,en_route,rerouted: crew found the road blocked,,,,I003:field_assessment:0,,,
18.9,2025-09-28T11:18:52.992662391Z,REPLAY,current_status,unit,PC-BOAT-03,on_site,,,,,I009:field_assessment:0,I009,,
19.1,2025-09-28T11:19:08.787700857Z,REPLAY,current_status,unit,PC-POL-03,available,field_assessment finished at I005,,,,,,,
19.2,2025-09-28T11:19:13.754302779Z,REPLAY,current_status,unit,PC-AMB-05,available,field_assessment finished at I001,,,,,,,
20.0,2025-09-28T11:20:00Z,REPLAY,current_status,unit,PC-FIRE-06,en_route,,,,,I006:water_rescue:0,I006,,
20.0,2025-09-28T11:20:00Z,REPLAY,current_status,unit,PC-FIRE-07,en_route,,,,,I002:water_rescue:0,I002,,
20.0,2025-09-28T11:20:00Z,REPLAY,current_status,shelter,lf-pc-s4,reserved,,400.0,0.0,135.0,,,PC-TRUCK-02,45.0
20.0,2025-09-28T11:20:00Z,REPLAY,current_status,shelter,lf-pc-s4,released,,400.0,0.0,90.0,,,PC-TRUCK-02,
20.0,2025-09-28T11:20:00Z,REPLAY,current_status,unit,PC-TRUCK-02,en_route,,,,,I010:mass_transport:1,I010,,
20.0,2025-09-28T11:20:00Z,REPLAY,current_status,unit,PC-TEAM-03,en_route,,,,,I010:water_rescue:0,I010,,
20.0,2025-09-28T11:20:00Z,REPLAY,current_status,unit,PC-FIRE-04,en_route,,,,,I001:water_rescue:0,I001,,
20.0,2025-09-28T11:20:00Z,REPLAY,current_status,shelter,lf-pc-s4,reserved,,400.0,0.0,135.0,,,PC-TRUCK-01,45.0
20.0,2025-09-28T11:20:00Z,REPLAY,current_status,shelter,lf-pc-s4,released,,400.0,0.0,90.0,,,PC-TRUCK-01,
20.0,2025-09-28T11:20:00Z,REPLAY,current_status,unit,PC-TRUCK-01,en_route,,,,,I010:mass_transport:0,I010,,
20.0,2025-09-28T11:20:00Z,REPLAY,current_status,unit,PC-PUMP-03,en_route,,,,,I009:dewatering:0,I009,,
20.0,2025-09-28T11:20:00Z,REPLAY,current_status,unit,PC-POL-03,en_route,,,,,I015:field_assessment:0,I015,,
20.0,2025-09-28T11:20:00Z,REPLAY,current_status,unit,PC-FIRE-02,en_route,,,,,I005:dewatering:0,I005,,
20.0,2025-09-28T11:20:00Z,REPLAY,current_status,unit,PC-FIRE-05,en_route,,,,,I016:field_assessment:0,I016,,
20.0,2025-09-28T11:20:00Z,REPLAY,current_status,unit,PC-FIRE-03,en_route,,,,,I017:field_assessment:0,I017,,
20.0,2025-09-28T11:20:00Z,REPLAY,current_status,unit,PC-AMB-04,en_route,,,,,I013:field_assessment:0,I013,,
20.1,2025-09-28T11:20:04.319483438Z,REPLAY,current_status,unit,PC-AMB-02,on_site,,,,,I004:field_assessment:0,I004,,
20.5,2025-09-28T11:20:30.861696057Z,REPLAY,current_status,unit,PC-POL-02,available,field_assessment finished at I010,,,,,,,
22.0,2025-09-28T11:22:00Z,REPLAY,current_status,unit,PC-FIRE-06,on_site,,,,,I006:water_rescue:0,I006,,
22.0,2025-09-28T11:22:00Z,REPLAY,current_status,unit,PC-FIRE-07,on_site,,,,,I002:water_rescue:0,I002,,
22.2,2025-09-28T11:22:11.753488169Z,REPLAY,current_status,unit,PC-POL-03,en_route,rerouted: crew found the road blocked,,,,I015:field_assessment:0,,,
23.5,2025-09-28T11:23:31.909120237Z,REPLAY,current_status,unit,PC-POL-03,en_route,rerouted: crew found the road blocked,,,,I015:field_assessment:0,,,
23.9,2025-09-28T11:23:52.992662391Z,REPLAY,current_status,unit,PC-BOAT-03,available,field_assessment finished at I009,,,,,,,
24.1,2025-09-28T11:24:04.341693538Z,REPLAY,current_status,unit,PC-POL-04,on_site,,,,,I011:field_assessment:0,I011,,
24.7,2025-09-28T11:24:44.078795879Z,REPLAY,current_status,unit,PC-POL-03,en_route,rerouted: crew found the road blocked,,,,I015:field_assessment:0,,,
25.1,2025-09-28T11:25:04.319483438Z,REPLAY,current_status,unit,PC-AMB-02,available,field_assessment finished at I004,,,,,,,
25.4,2025-09-28T11:25:26.123993864Z,REPLAY,current_status,unit,PC-FIRE-02,on_site,,,,,I005:dewatering:0,I005,,
25.7,2025-09-28T11:25:44.731041604Z,REPLAY,current_status,unit,PC-TRUCK-02,on_site,,,,,I010:mass_transport:1,I010,,
26.7,2025-09-28T11:26:42.487894667Z,REPLAY,current_status,unit,PC-POL-03,en_route,rerouted: crew found the road blocked,,,,I015:field_assessment:0,,,
26.9,2025-09-28T11:26:52.477695413Z,REPLAY,current_status,unit,PC-FIRE-05,on_site,,,,,I016:field_assessment:0,I016,,
27.4,2025-09-28T11:27:22.892858843Z,REPLAY,current_status,unit,PC-TEAM-03,on_site,,,,,I010:water_rescue:0,I010,,
28.6,2025-09-28T11:28:33.367766315Z,REPLAY,current_status,unit,PC-POL-03,en_route,rerouted: crew found the road blocked,,,,I015:field_assessment:0,,,
28.7,2025-09-28T11:28:39.106476111Z,REPLAY,current_status,unit,PC-POL-01,on_site,,,,,I008:field_assessment:0,I008,,
29.1,2025-09-28T11:29:04.341693538Z,REPLAY,current_status,unit,PC-POL-04,available,field_assessment finished at I011,,,,,,,
29.6,2025-09-28T11:29:38.156902080Z,REPLAY,current_status,unit,PC-TEAM-02,on_site,,,,,I012:field_assessment:0,I012,,
29.8,2025-09-28T11:29:49.546939252Z,REPLAY,current_status,unit,PC-POL-03,on_site,,,,,I015:field_assessment:0,I015,,
29.9,2025-09-28T11:29:53.635525720Z,REPLAY,current_status,unit,PC-FIRE-01,on_site,,,,,I014:field_assessment:0,I014,,
30.0,2025-09-28T11:30:00Z,REPLAY,current_status,unit,PC-PUMP-01,en_route,,,,,I015:dewatering:0,I015,,
30.0,2025-09-28T11:30:00Z,REPLAY,current_status,unit,PC-PUMP-02,en_route,,,,,I011:dewatering:0,I011,,
30.0,2025-09-28T11:30:00Z,REPLAY,current_status,unit,PC-TEAM-01,en_route,,,,,I012:debris_clearance:0,I012,,
30.0,2025-09-28T11:30:00Z,REPLAY,current_status,unit,PC-POL-02,en_route,,,,,I017:field_assessment:0,I017,,
30.0,2025-09-28T11:30:00Z,REPLAY,current_status,unit,PC-AMB-05,en_route,,,,,I003:field_assessment:0,I003,,
30.0,2025-09-28T11:30:00Z,REPLAY,current_status,unit,PC-AMB-02,en_route,,,,,I018:field_assessment:0,I018,,
30.0,2025-09-28T11:30:00Z,REPLAY,current_status,unit,PC-FIRE-03,en_route,,,,,I004:dewatering:0,I004,,
30.0,2025-09-28T11:30:00Z,REPLAY,current_status,unit,PC-PUMP-04,en_route,,,,,I014:dewatering:0,I014,,
30.0,2025-09-28T11:30:00Z,REPLAY,current_status,unit,PC-AMB-01,available,need covered by a closer unit,,,,,,,
30.7,2025-09-28T11:30:44.525336955Z,REPLAY,current_status,unit,PC-PUMP-03,on_site,,,,,I009:dewatering:0,I009,,
31.2,2025-09-28T11:31:11.086997728Z,REPLAY,current_status,unit,PC-FIRE-04,on_site,,,,,I001:water_rescue:0,I001,,
31.9,2025-09-28T11:31:52.477695413Z,REPLAY,current_status,unit,PC-FIRE-05,available,field_assessment finished at I016,,,,,,,
32.3,2025-09-28T11:32:19.951939965Z,REPLAY,current_status,unit,PC-TRUCK-01,on_site,,,,,I010:mass_transport:0,I010,,
32.8,2025-09-28T11:32:46.611330204Z,REPLAY,current_status,unit,PC-AMB-04,on_site,,,,,I013:field_assessment:0,I013,,
33.7,2025-09-28T11:33:39.106476111Z,REPLAY,current_status,unit,PC-POL-01,available,field_assessment finished at I008,,,,,,,
34.6,2025-09-28T11:34:38.156902080Z,REPLAY,current_status,unit,PC-TEAM-02,available,field_assessment finished at I012,,,,,,,
34.8,2025-09-28T11:34:49.546939252Z,REPLAY,current_status,unit,PC-POL-03,available,field_assessment finished at I015,,,,,,,
34.9,2025-09-28T11:34:53.635525720Z,REPLAY,current_status,unit,PC-FIRE-01,available,field_assessment finished at I014,,,,,,,
35.6,2025-09-28T11:35:36.602643768Z,REPLAY,current_status,unit,PC-POL-02,on_site,,,,,I017:field_assessment:0,I017,,
37.8,2025-09-28T11:37:46.611330204Z,REPLAY,current_status,unit,PC-AMB-04,available,field_assessment finished at I013,,,,,,,
40.0,2025-09-28T11:40:00Z,REPLAY,current_status,unit,PC-BOAT-03,en_route,,,,,I017:water_rescue:0,I017,,
40.0,2025-09-28T11:40:00Z,REPLAY,current_status,unit,PC-TEAM-02,en_route,,,,,I012:debris_clearance:0,I012,,
40.0,2025-09-28T11:40:00Z,REPLAY,current_status,unit,PC-TEAM-01,en_route,,,,,I008:debris_clearance:0,I008,,
40.0,2025-09-28T11:40:00Z,REPLAY,current_status,unit,PC-FIRE-01,en_route,,,,,I014:dewatering:0,I014,,
40.0,2025-09-28T11:40:00Z,REPLAY,current_status,unit,PC-AMB-01,en_route,,,,,I021:field_assessment:0,I021,,
40.0,2025-09-28T11:40:00Z,REPLAY,current_status,unit,PC-AMB-06,en_route,,,,,I019:field_assessment:0,I019,,
40.0,2025-09-28T11:40:00Z,REPLAY,current_status,unit,PC-POL-04,en_route,,,,,I020:field_assessment:0,I020,,
40.0,2025-09-28T11:40:00Z,REPLAY,current_status,unit,PC-PUMP-04,en_route,,,,,I013:dewatering:0,I013,,
40.6,2025-09-28T11:40:36.602643768Z,REPLAY,current_status,unit,PC-POL-02,available,field_assessment finished at I017,,,,,,,
42.8,2025-09-28T11:42:45.734211236Z,REPLAY,current_status,unit,PC-AMB-05,on_site,,,,,I003:field_assessment:0,I003,,
42.8,2025-09-28T11:42:47.313682659Z,REPLAY,current_status,unit,PC-FIRE-01,on_site,,,,,I014:dewatering:0,I014,,
44.5,2025-09-28T11:44:32.467316434Z,REPLAY,current_status,unit,PC-AMB-06,en_route,rerouted: crew found the road blocked,,,,I019:field_assessment:0,,,
45.4,2025-09-28T11:45:23.040680312Z,REPLAY,current_status,unit,PC-AMB-01,on_site,,,,,I021:field_assessment:0,I021,,
46.2,2025-09-28T11:46:12.053434206Z,REPLAY,current_status,unit,PC-AMB-02,on_site,,,,,I018:field_assessment:0,I018,,
47.3,2025-09-28T11:47:18.860090243Z,REPLAY,current_status,unit,PC-AMB-06,on_site,,,,,I019:field_assessment:0,I019,,
47.8,2025-09-28T11:47:45.734211236Z,REPLAY,current_status,unit,PC-AMB-05,available,field_assessment finished at I003,,,,,,,
47.8,2025-09-28T11:47:46.463907988Z,REPLAY,current_status,unit,PC-FIRE-03,on_site,,,,,I004:dewatering:0,I004,,
49.8,2025-09-28T11:49:46.165143088Z,REPLAY,current_status,unit,PC-POL-04,on_site,,,,,I020:field_assessment:0,I020,,
50.0,2025-09-28T11:50:00Z,REPLAY,current_status,unit,PC-AMB-03,en_route,,,,,I019:medical_transport:0,I019,,
50.0,2025-09-28T11:50:00Z,REPLAY,current_status,unit,PC-POL-02,en_route,,,,,I019:traffic_control:0,I019,,
50.0,2025-09-28T11:50:00Z,REPLAY,current_status,unit,PC-POL-03,en_route,,,,,I022:field_assessment:0,I022,,
50.0,2025-09-28T11:50:00Z,REPLAY,current_status,unit,PC-AMB-04,en_route,,,,,I023:field_assessment:0,I023,,
50.0,2025-09-28T11:50:00Z,REPLAY,current_status,unit,PC-AMB-05,en_route,,,,,I024:field_assessment:0,I024,,
50.4,2025-09-28T11:50:23.040680312Z,REPLAY,current_status,unit,PC-AMB-01,available,field_assessment finished at I021,,,,,,,
50.7,2025-09-28T11:50:44.731041604Z,REPLAY,current_status,unit,PC-TRUCK-02,available,mass_transport finished at I010,,,,,,,
50.9,2025-09-28T11:50:52.385452533Z,REPLAY,current_status,unit,PC-TEAM-02,on_site,,,,,I012:debris_clearance:0,I012,,
51.2,2025-09-28T11:51:12.053434206Z,REPLAY,current_status,unit,PC-AMB-02,available,field_assessment finished at I018,,,,,,,
52.3,2025-09-28T11:52:18.860090243Z,REPLAY,current_status,unit,PC-AMB-06,available,field_assessment finished at I019,,,,,,,
52.4,2025-09-28T11:52:26.383967477Z,REPLAY,current_status,unit,PC-PUMP-01,on_site,,,,,I015:dewatering:0,I015,,
52.8,2025-09-28T11:52:48.676096669Z,REPLAY,current_status,unit,PC-BOAT-03,on_site,,,,,I017:water_rescue:0,I017,,
54.5,2025-09-28T11:54:29.787434094Z,REPLAY,current_status,unit,PC-PUMP-02,on_site,,,,,I011:dewatering:0,I011,,
54.8,2025-09-28T11:54:46.165143088Z,REPLAY,current_status,unit,PC-POL-04,available,field_assessment finished at I020,,,,,,,
56.1,2025-09-28T11:56:04.816325550Z,REPLAY,current_status,unit,PC-AMB-04,available,no passable road to the need (need returns to the pool),,,,,,,
56.9,2025-09-28T11:56:51.753652213Z,REPLAY,current_status,unit,PC-POL-03,on_site,,,,,I022:field_assessment:0,I022,,
57.0,2025-09-28T11:57:02.664371493Z,REPLAY,current_status,unit,PC-AMB-03,on_site,,,,,I019:medical_transport:0,I019,,
57.3,2025-09-28T11:57:18.327642892Z,REPLAY,current_status,unit,PC-AMB-05,en_route,rerouted: crew found the road blocked,,,,I024:field_assessment:0,,,
57.3,2025-09-28T11:57:19.951939965Z,REPLAY,current_status,unit,PC-TRUCK-01,available,mass_transport finished at I010,,,,,,,
60.0,2025-09-28T12:00:00Z,REPLAY,current_status,unit,PC-POL-02,en_route,rerouted: now reported closed,,,,I019:traffic_control:0,,,
60.0,2025-09-28T12:00:00Z,REPLAY,current_status,shelter,lf-pc-s4,reserved,,400.0,0.0,135.0,,,PC-TRUCK-02,45.0
60.0,2025-09-28T12:00:00Z,REPLAY,current_status,unit,PC-TRUCK-02,en_route,,,,,I010:mass_transport:0,I010,,
60.0,2025-09-28T12:00:00Z,REPLAY,current_status,shelter,lf-pc-r1,reserved,,1000.0,0.0,45.0,,,PC-TRUCK-01,45.0
60.0,2025-09-28T12:00:00Z,REPLAY,current_status,unit,PC-TRUCK-01,en_route,,,,,I017:mass_transport:0,I017,,
60.0,2025-09-28T12:00:00Z,REPLAY,current_status,unit,PC-AMB-01,en_route,,,,,I025:field_assessment:0,I025,,
60.0,2025-09-28T12:00:00Z,REPLAY,current_status,unit,PC-AMB-02,en_route,,,,,I023:field_assessment:0,I023,,
61.9,2025-09-28T12:01:51.753652213Z,REPLAY,current_status,unit,PC-POL-03,available,field_assessment finished at I022,,,,,,,
62.0,2025-09-28T12:02:00Z,REPLAY,current_status,unit,PC-TRUCK-02,on_site,,,,,I010:mass_transport:0,I010,,
64.0,2025-09-28T12:03:59.059301890Z,REPLAY,current_status,unit,PC-PUMP-04,on_site,,,,,I013:dewatering:0,I013,,
64.2,2025-09-28T12:04:13.552823726Z,REPLAY,current_status,unit,PC-AMB-01,en_route,rerouted: crew found the road blocked,,,,I025:field_assessment:0,,,
65.4,2025-09-28T12:05:25.619889904Z,REPLAY,current_status,unit,PC-POL-02,on_site,,,,,I019:traffic_control:0,I019,,
66.9,2025-09-28T12:06:53.668977883Z,REPLAY,current_status,unit,PC-TRUCK-01,on_site,,,,,I017:mass_transport:0,I017,,
67.0,2025-09-28T12:07:00Z,REPLAY,current_status,unit,PC-FIRE-06,available,water_rescue finished at I006,,,,,,,
67.0,2025-09-28T12:07:00Z,REPLAY,current_status,unit,PC-FIRE-07,available,water_rescue finished at I002,,,,,,,
68.8,2025-09-28T12:08:46.226620088Z,REPLAY,current_status,unit,PC-AMB-05,on_site,,,,,I024:field_assessment:0,I024,,
70.0,2025-09-28T12:10:00Z,REPLAY,current_status,unit,PC-FIRE-07,en_route,,,,,I022:dewatering:0,I022,,
70.0,2025-09-28T12:10:00Z,REPLAY,current_status,unit,PC-BOAT-01,en_route,,,,,I026:field_assessment:0,I026,,
70.0,2025-09-28T12:10:00Z,REPLAY,current_status,unit,PC-FIRE-06,en_route,,,,,I021:dewatering:0,I021,,
70.5,2025-09-28T12:10:29.897927493Z,REPLAY,current_status,unit,PC-AMB-01,on_site,,,,,I025:field_assessment:0,I025,,
72.4,2025-09-28T12:12:22.892858843Z,REPLAY,current_status,unit,PC-TEAM-03,available,water_rescue finished at I010,,,,,,,
73.4,2025-09-28T12:13:22.573307757Z,REPLAY,current_status,unit,PC-FIRE-07,en_route,rerouted: crew found the road blocked,,,,I022:dewatering:0,,,
73.5,2025-09-28T12:13:32.127986985Z,REPLAY,current_status,unit,PC-AMB-02,on_site,,,,,I023:field_assessment:0,I023,,
73.8,2025-09-28T12:13:46.226620088Z,REPLAY,current_status,unit,PC-AMB-05,available,field_assessment finished at I024,,,,,,,
75.5,2025-09-28T12:15:29.897927493Z,REPLAY,current_status,unit,PC-AMB-01,available,field_assessment finished at I025,,,,,,,
76.2,2025-09-28T12:16:11.086997728Z,REPLAY,current_status,unit,PC-FIRE-04,available,water_rescue finished at I001,,,,,,,
78.5,2025-09-28T12:18:32.127986985Z,REPLAY,current_status,unit,PC-AMB-02,available,field_assessment finished at I023,,,,,,,
79.8,2025-09-28T12:19:45.719895576Z,REPLAY,current_status,unit,PC-TEAM-01,on_site,,,,,I008:debris_clearance:0,I008,,
80.0,2025-09-28T12:20:00Z,REPLAY,current_status,unit,PC-FIRE-07,en_route,,,,,I024:dewatering:0,I024,,
80.0,2025-09-28T12:20:00Z,REPLAY,current_status,unit,PC-JCB-01,en_route,,,,,I023:debris_clearance:0,I023,,
80.0,2025-09-28T12:20:00Z,REPLAY,current_status,unit,PC-AMB-01,en_route,,,,,I027:field_assessment:0,I027,,
80.0,2025-09-28T12:20:00Z,REPLAY,current_status,unit,PC-TEAM-03,en_route,,,,,I028:field_assessment:0,I028,,
80.0,2025-09-28T12:20:00Z,REPLAY,current_status,unit,PC-FIRE-04,en_route,,,,,I022:dewatering:0,I022,,
85.4,2025-09-28T12:25:26.123993864Z,REPLAY,current_status,unit,PC-FIRE-02,available,dewatering finished at I005,,,,,,,
85.7,2025-09-28T12:25:44.509449429Z,REPLAY,current_status,unit,PC-FIRE-06,on_site,,,,,I021:dewatering:0,I021,,
85.8,2025-09-28T12:25:46.927142226Z,REPLAY,current_status,unit,PC-AMB-01,on_site,,,,,I027:field_assessment:0,I027,,
86.5,2025-09-28T12:26:30.530145593Z,REPLAY,current_status,unit,PC-BOAT-01,on_site,,,,,I026:field_assessment:0,I026,,
87.7,2025-09-28T12:27:41.530242538Z,REPLAY,current_status,unit,PC-TEAM-03,on_site,,,,,I028:field_assessment:0,I028,,
90.0,2025-09-28T12:30:00Z,REPLAY,current_status,unit,PC-FIRE-02,en_route,,,,,I027:dewatering:0,I027,,
90.7,2025-09-28T12:30:44.525336955Z,REPLAY,current_status,unit,PC-PUMP-03,available,dewatering finished at I009,,,,,,,
90.8,2025-09-28T12:30:46.927142226Z,REPLAY,current_status,unit,PC-AMB-01,available,field_assessment finished at I027,,,,,,,
90.9,2025-09-28T12:30:52.385452533Z,REPLAY,current_status,unit,PC-TEAM-02,available,debris_clearance finished at I012,,,,,,,
91.5,2025-09-28T12:31:30.530145593Z,REPLAY,current_status,unit,PC-BOAT-01,available,field_assessment finished at I026,,,,,,,
92.0,2025-09-28T12:31:59.453593184Z,REPLAY,current_status,unit,PC-FIRE-07,on_site,,,,,I024:dewatering:0,I024,,
92.7,2025-09-28T12:32:41.530242538Z,REPLAY,current_status,unit,PC-TEAM-03,available,field_assessment finished at I028,,,,,,,
94.0,2025-09-28T12:33:57.938398084Z,REPLAY,current_status,unit,PC-FIRE-04,on_site,,,,,I022:dewatering:0,I022,,
97.8,2025-09-28T12:37:48.676096669Z,REPLAY,current_status,unit,PC-BOAT-03,available,water_rescue finished at I017,,,,,,,
100.0,2025-09-28T12:39:58.556339410Z,REPLAY,current_status,shelter,lf-pc-s4,arrived,,400.0,45.0,90.0,,,PC-TRUCK-02,45.0
100.0,2025-09-28T12:39:58.556339410Z,REPLAY,current_status,unit,PC-TRUCK-02,available,mass_transport finished at I010,,,,,,,
100.0,2025-09-28T12:40:00Z,REPLAY,current_status,shelter,lf-pc-s4,reserved,,400.0,45.0,135.0,,,PC-TRUCK-02,45.0
100.0,2025-09-28T12:40:00Z,REPLAY,current_status,unit,PC-TRUCK-02,en_route,,,,,I002:mass_transport:0,I002,,
100.0,2025-09-28T12:40:00Z,REPLAY,current_status,unit,PC-POL-01,en_route,,,,,I029:field_assessment:0,I029,,
101.3,2025-09-28T12:41:18.457653289Z,REPLAY,current_status,unit,PC-AMB-03,available,medical_transport finished at I019,,,,,,,
102.8,2025-09-28T12:42:47.313682659Z,REPLAY,current_status,unit,PC-FIRE-01,available,dewatering finished at I014,,,,,,,
107.8,2025-09-28T12:47:46.463907988Z,REPLAY,current_status,unit,PC-FIRE-03,available,dewatering finished at I004,,,,,,,
108.6,2025-09-28T12:48:35.771977812Z,REPLAY,current_status,unit,PC-FIRE-02,on_site,,,,,I027:dewatering:0,I027,,
110.0,2025-09-28T12:50:00Z,REPLAY,current_status,unit,PC-AMB-05,en_route,,,,,I030:field_assessment:0,I030,,
110.4,2025-09-28T12:50:25.619889904Z,REPLAY,current_status,unit,PC-POL-02,available,traffic_control finished at I019,,,,,,,
111.7,2025-09-28T12:51:42.269957851Z,REPLAY,current_status,unit,PC-POL-01,en_route,rerouted: crew found the road blocked,,,,I029:field_assessment:0,,,
112.2,2025-09-28T12:52:12.734537355Z,REPLAY,current_status,unit,PC-JCB-01,on_site,,,,,I023:debris_clearance:0,I023,,
112.4,2025-09-28T12:52:26.383967477Z,REPLAY,current_status,unit,PC-PUMP-01,available,dewatering finished at I015,,,,,,,
114.5,2025-09-28T12:54:29.787434094Z,REPLAY,current_status,unit,PC-PUMP-02,available,dewatering finished at I011,,,,,,,
114.9,2025-09-28T12:54:51.390595597Z,REPLAY,current_status,unit,PC-POL-01,on_site,,,,,I029:field_assessment:0,I029,,
115.5,2025-09-28T12:55:27.878837554Z,REPLAY,current_status,unit,PC-TRUCK-02,on_site,,,,,I002:mass_transport:0,I002,,
116.5,2025-09-28T12:56:31.220558841Z,REPLAY,current_status,unit,PC-AMB-05,on_site,,,,,I030:field_assessment:0,I030,,
119.8,2025-09-28T12:59:45.719895576Z,REPLAY,current_status,unit,PC-TEAM-01,available,debris_clearance finished at I008,,,,,,,
119.9,2025-09-28T12:59:51.390595597Z,REPLAY,current_status,unit,PC-POL-01,available,field_assessment finished at I029,,,,,,,
120.0,2025-09-28T13:00:00Z,REPLAY,current_status,unit,PC-PUMP-03,en_route,,,,,I030:dewatering:0,I030,,
120.0,2025-09-28T13:00:00Z,REPLAY,current_status,unit,PC-PUMP-01,en_route,,,,,I029:dewatering:0,I029,,
120.0,2025-09-28T13:00:00Z,REPLAY,current_status,unit,PC-FIRE-01,en_route,,,,,I031:field_assessment:0,I031,,
121.5,2025-09-28T13:01:31.220558841Z,REPLAY,current_status,unit,PC-AMB-05,available,field_assessment finished at I030,,,,,,,
122.8,2025-09-28T13:02:47.313682659Z,REPLAY,current_status,unit,PC-FIRE-01,on_site,,,,,I031:field_assessment:0,I031,,
124.0,2025-09-28T13:03:59.059301890Z,REPLAY,current_status,unit,PC-PUMP-04,available,dewatering finished at I013,,,,,,,
127.8,2025-09-28T13:07:47.313682659Z,REPLAY,current_status,unit,PC-FIRE-01,available,field_assessment finished at I031,,,,,,,
130.0,2025-09-28T13:10:00Z,REPLAY,current_status,unit,PC-FIRE-01,en_route,,,,,I031:dewatering:0,I031,,
132.8,2025-09-28T13:12:47.313682659Z,REPLAY,current_status,unit,PC-FIRE-01,on_site,,,,,I031:dewatering:0,I031,,
137.2,2025-09-28T13:17:14.790585653Z,REPLAY,current_status,unit,PC-PUMP-03,on_site,,,,,I030:dewatering:0,I030,,
140.0,2025-09-28T13:20:00Z,REPLAY,current_status,unit,PC-AMB-04,en_route,,,,,I032:field_assessment:0,I032,,
140.0,2025-09-28T13:20:00Z,REPLAY,current_status,unit,PC-AMB-01,en_route,,,,,I033:field_assessment:0,I033,,
143.0,2025-09-28T13:22:57.897839329Z,REPLAY,current_status,unit,PC-AMB-04,on_site,,,,,I032:field_assessment:0,I032,,
145.7,2025-09-28T13:25:44.509449429Z,REPLAY,current_status,unit,PC-FIRE-06,available,dewatering finished at I021,,,,,,,
148.0,2025-09-28T13:27:57.897839329Z,REPLAY,current_status,unit,PC-AMB-04,available,field_assessment finished at I032,,,,,,,
149.5,2025-09-28T13:29:29.132104977Z,REPLAY,current_status,unit,PC-AMB-01,on_site,,,,,I033:field_assessment:0,I033,,
150.0,2025-09-28T13:30:00Z,REPLAY,current_status,unit,PC-AMB-04,en_route,,,,,I035:field_assessment:0,I035,,
150.0,2025-09-28T13:30:00Z,REPLAY,current_status,unit,PC-FIRE-06,en_route,,,,,I036:field_assessment:0,I036,,
150.0,2025-09-28T13:30:00Z,REPLAY,current_status,unit,PC-FIRE-03,en_route,,,,,I034:field_assessment:0,I034,,
150.0,2025-09-28T13:30:00Z,REPLAY,current_status,unit,PC-POL-04,en_route,,,,,I037:field_assessment:0,I037,,
150.0,2025-09-28T13:30:00Z,REPLAY,current_status,unit,PC-PUMP-02,en_route,,,,,I033:dewatering:0,I033,,
152.0,2025-09-28T13:31:59.453593184Z,REPLAY,current_status,unit,PC-FIRE-07,available,dewatering finished at I024,,,,,,,
152.2,2025-09-28T13:32:12.734537355Z,REPLAY,current_status,unit,PC-JCB-01,available,debris_clearance finished at I023,,,,,,,
152.5,2025-09-28T13:32:32.518225105Z,REPLAY,current_status,unit,PC-AMB-04,on_site,,,,,I035:field_assessment:0,I035,,
153.6,2025-09-28T13:33:35.946775179Z,REPLAY,current_status,unit,PC-PUMP-01,on_site,,,,,I029:dewatering:0,I029,,
154.0,2025-09-28T13:33:57.938398084Z,REPLAY,current_status,unit,PC-FIRE-04,available,dewatering finished at I022,,,,,,,
154.5,2025-09-28T13:34:29.132104977Z,REPLAY,current_status,unit,PC-AMB-01,available,field_assessment finished at I033,,,,,,,
157.5,2025-09-28T13:37:32.518225105Z,REPLAY,current_status,unit,PC-AMB-04,available,field_assessment finished at I035,,,,,,,
158.4,2025-09-28T13:38:25.362721905Z,REPLAY,current_status,unit,PC-FIRE-06,on_site,,,,,I036:field_assessment:0,I036,,
158.8,2025-09-28T13:38:49.121445916Z,REPLAY,current_status,shelter,lf-pc-r1,arrived,,1000.0,45.0,0.0,,,PC-TRUCK-01,45.0
158.8,2025-09-28T13:38:49.121445916Z,REPLAY,current_status,unit,PC-TRUCK-01,available,mass_transport finished at I017,,,,,,,
160.0,2025-09-28T13:40:00Z,REPLAY,current_status,unit,PC-FIRE-04,en_route,,,,,I035:water_rescue:0,I035,,
160.0,2025-09-28T13:40:00Z,REPLAY,current_status,unit,PC-AMB-01,en_route,,,,,I038:field_assessment:0,I038,,
160.0,2025-09-28T13:40:00Z,REPLAY,current_status,unit,PC-FIRE-07,en_route,,,,,I036:dewatering:0,I036,,
160.9,2025-09-28T13:40:52.066017662Z,REPLAY,current_status,unit,PC-FIRE-03,on_site,,,,,I034:field_assessment:0,I034,,
161.4,2025-09-28T13:41:26.604861585Z,REPLAY,current_status,shelter,lf-pc-s4,arrived,,400.0,90.0,90.0,,,PC-TRUCK-02,45.0
161.4,2025-09-28T13:41:26.604861585Z,REPLAY,current_status,unit,PC-TRUCK-02,available,mass_transport finished at I002,,,,,,,
163.4,2025-09-28T13:43:25.362721905Z,REPLAY,current_status,unit,PC-FIRE-06,available,field_assessment finished at I036,,,,,,,
164.0,2025-09-28T13:44:01.431648697Z,REPLAY,current_status,unit,PC-AMB-01,en_route,rerouted: crew found the road blocked,,,,I038:field_assessment:0,,,
165.9,2025-09-28T13:45:52.066017662Z,REPLAY,current_status,unit,PC-FIRE-03,available,field_assessment finished at I034,,,,,,,
167.6,2025-09-28T13:47:37.930185638Z,REPLAY,current_status,unit,PC-AMB-01,on_site,,,,,I038:field_assessment:0,I038,,
168.6,2025-09-28T13:48:35.771977812Z,REPLAY,current_status,unit,PC-FIRE-02,available,dewatering finished at I027,,,,,,,
170.0,2025-09-28T13:50:00Z,REPLAY,current_status,shelter,lf-pc-s4,reserved,,400.0,90.0,135.0,,,PC-TRUCK-02,45.0
170.0,2025-09-28T13:50:00Z,REPLAY,current_status,unit,PC-TRUCK-02,en_route,,,,,I002:mass_transport:0,I002,,
170.0,2025-09-28T13:50:00Z,REPLAY,current_status,unit,PC-PUMP-02,en_route,,,,,I038:dewatering:0,I038,,
170.0,2025-09-28T13:50:00Z,REPLAY,current_status,unit,PC-FIRE-03,en_route,,,,,I034:dewatering:0,I034,,
170.0,2025-09-28T13:50:00Z,REPLAY,current_status,unit,PC-FIRE-06,en_route,,,,,I036:dewatering:0,I036,,
170.0,2025-09-28T13:50:00Z,REPLAY,current_status,unit,PC-FIRE-02,en_route,,,,,I033:dewatering:0,I033,,
170.0,2025-09-28T13:50:00Z,REPLAY,current_status,unit,PC-FIRE-07,available,need covered by a closer unit,,,,,,,
170.8,2025-09-28T13:50:46.701010454Z,REPLAY,current_status,unit,PC-FIRE-04,on_site,,,,,I035:water_rescue:0,I035,,
171.3,2025-09-28T13:51:16.689060079Z,REPLAY,current_status,unit,PC-POL-04,on_site,,,,,I037:field_assessment:0,I037,,
172.1,2025-09-28T13:52:08.641993695Z,REPLAY,current_status,unit,PC-FIRE-03,on_site,,,,,I034:dewatering:0,I034,,
172.6,2025-09-28T13:52:37.930185638Z,REPLAY,current_status,unit,PC-AMB-01,available,field_assessment finished at I038,,,,,,,
172.6,2025-09-28T13:52:38.912070822Z,REPLAY,current_status,unit,PC-FIRE-06,on_site,,,,,I036:dewatering:0,I036,,
176.3,2025-09-28T13:56:16.689060079Z,REPLAY,current_status,unit,PC-POL-04,available,field_assessment finished at I037,,,,,,,
180.0,2025-09-28T14:00:00Z,REPLAY,current_status,unit,PC-POL-01,en_route,,,,,I039:field_assessment:0,I039,,
180.0,2025-09-28T14:00:00Z,REPLAY,current_status,unit,PC-AMB-01,en_route,,,,,I041:field_assessment:0,I041,,
180.0,2025-09-28T14:00:00Z,REPLAY,current_status,unit,PC-POL-03,en_route,,,,,I040:field_assessment:0,I040,,
180.3,2025-09-28T14:00:17.541954435Z,REPLAY,current_status,unit,PC-FIRE-02,on_site,,,,,I033:dewatering:0,I033,,
180.6,2025-09-28T14:00:36.356275709Z,REPLAY,current_status,unit,PC-PUMP-02,on_site,,,,,I038:dewatering:0,I038,,
183.2,2025-09-28T14:03:13.372308785Z,REPLAY,current_status,unit,PC-AMB-01,available,no passable road to the need (need returns to the pool),,,,,,,
184.8,2025-09-28T14:04:46.187393432Z,REPLAY,current_status,unit,PC-POL-01,en_route,rerouted: crew found the road blocked,,,,I039:field_assessment:0,,,
185.6,2025-09-28T14:05:34.862047816Z,REPLAY,current_status,unit,PC-TRUCK-02,on_site,,,,,I002:mass_transport:0,I002,,
187.8,2025-09-28T14:07:48.120344587Z,REPLAY,current_status,unit,PC-POL-01,on_site,,,,,I039:field_assessment:0,I039,,
188.9,2025-09-28T14:08:52.931319594Z,REPLAY,current_status,unit,PC-POL-03,on_site,,,,,I040:field_assessment:0,I040,,
190.0,2025-09-28T14:10:00Z,REPLAY,current_status,unit,PC-PUMP-04,en_route,,,,,I039:dewatering:0,I039,,
190.0,2025-09-28T14:10:00Z,REPLAY,current_status,unit,PC-AMB-02,en_route,,,,,I042:field_assessment:0,I042,,
190.0,2025-09-28T14:10:00Z,REPLAY,current_status,unit,PC-AMB-06,en_route,,,,,I041:field_assessment:0,I041,,
190.0,2025-09-28T14:10:00Z,REPLAY,current_status,unit,PC-AMB-03,en_route,,,,,I043:field_assessment:0,I043,,
190.0,2025-09-28T14:10:00Z,REPLAY,current_status,unit,PC-FIRE-07,en_route,,,,,I040:dewatering:0,I040,,
192.8,2025-09-28T14:12:47.313682659Z,REPLAY,current_status,unit,PC-FIRE-01,available,dewatering finished at I031,,,,,,,
192.8,2025-09-28T14:12:48.120344587Z,REPLAY,current_status,unit,PC-POL-01,available,field_assessment finished at I039,,,,,,,
194.8,2025-09-28T14:14:45.479930038Z,REPLAY,current_status,unit,PC-AMB-02,available,no passable road to the need (need returns to the pool),,,,,,,
193.9,2025-09-28T14:13:52.931319594Z,REPLAY,current_status,unit,PC-POL-03,available,field_assessment finished at I040,,,,,,,
197.2,2025-09-28T14:17:14.790585653Z,REPLAY,current_status,unit,PC-PUMP-03,available,dewatering finished at I030,,,,,,,
200.0,2025-09-28T14:20:00Z,REPLAY,current_status,unit,PC-POL-01,en_route,,,,,I045:traffic_control:0,I045,,
200.0,2025-09-28T14:20:00Z,REPLAY,current_status,unit,PC-AMB-05,en_route,,,,,I045:medical_transport:0,I045,,
200.0,2025-09-28T14:20:00Z,REPLAY,current_status,unit,PC-POL-03,en_route,,,,,I044:field_assessment:0,I044,,
200.0,2025-09-28T14:20:00Z,REPLAY,current_status,unit,PC-FIRE-07,en_route,,,,,I042:field_assessment:0,I042,,
200.0,2025-09-28T14:20:00Z,REPLAY,current_status,unit,PC-FIRE-01,en_route,,,,,I040:dewatering:0,I040,,
201.2,2025-09-28T14:21:14.283819682Z,REPLAY,current_status,unit,PC-AMB-06,on_site,,,,,I041:field_assessment:0,I041,,
205.1,2025-09-28T14:25:03.295511053Z,REPLAY,current_status,unit,PC-POL-03,on_site,,,,,I044:field_assessment:0,I044,,
206.2,2025-09-28T14:26:14.283819682Z,REPLAY,current_status,unit,PC-AMB-06,available,field_assessment finished at I041,,,,,,,
207.2,2025-09-28T14:27:10.526804869Z,REPLAY,current_status,unit,PC-FIRE-07,on_site,,,,,I042:field_assessment:0,I042,,
210.0,2025-09-28T14:30:00Z,REPLAY,current_status,unit,PC-AMB-05,en_route,rerouted: now reported closed,,,,I045:medical_transport:0,,,
210.0,2025-09-28T14:30:00Z,REPLAY,current_status,unit,PC-POL-01,en_route,rerouted: now reported closed,,,,I045:traffic_control:0,,,
210.0,2025-09-28T14:30:00Z,REPLAY,current_status,unit,PC-PUMP-03,en_route,,,,,I042:dewatering:0,I042,,
210.0,2025-09-28T14:30:00Z,REPLAY,current_status,unit,PC-FIRE-01,en_route,,,,,I044:dewatering:0,I044,,
210.0,2025-09-28T14:30:00Z,REPLAY,current_status,unit,PC-PUMP-04,en_route,,,,,I040:dewatering:0,I040,,
210.0,2025-09-28T14:30:00Z,REPLAY,current_status,unit,PC-AMB-06,en_route,,,,,I046:field_assessment:0,I046,,
210.1,2025-09-28T14:30:03.295511053Z,REPLAY,current_status,unit,PC-POL-03,available,field_assessment finished at I044,,,,,,,
211.2,2025-09-28T14:31:14.390323603Z,REPLAY,current_status,unit,PC-AMB-03,on_site,,,,,I043:field_assessment:0,I043,,
212.1,2025-09-28T14:32:04.150403295Z,REPLAY,current_status,unit,PC-POL-01,on_site,,,,,I045:traffic_control:0,I045,,
212.2,2025-09-28T14:32:10.526804869Z,REPLAY,current_status,unit,PC-FIRE-07,available,field_assessment finished at I042,,,,,,,
212.4,2025-09-28T14:32:26.272671717Z,REPLAY,current_status,unit,PC-FIRE-01,on_site,,,,,I044:dewatering:0,I044,,
213.6,2025-09-28T14:33:35.946775179Z,REPLAY,current_status,unit,PC-PUMP-01,available,dewatering finished at I029,,,,,,,
215.8,2025-09-28T14:35:46.701010454Z,REPLAY,current_status,unit,PC-FIRE-04,available,water_rescue finished at I035,,,,,,,
216.2,2025-09-28T14:36:14.390323603Z,REPLAY,current_status,unit,PC-AMB-03,available,field_assessment finished at I043,,,,,,,
220.0,2025-09-28T14:40:00Z,REPLAY,current_status,unit,PC-FIRE-07,en_route,,,,,I042:dewatering:0,I042,,
220.0,2025-09-28T14:40:00Z,REPLAY,current_status,unit,PC-PUMP-01,en_route,,,,,I039:dewatering:0,I039,,
220.0,2025-09-28T14:40:00Z,REPLAY,current_status,unit,PC-AMB-03,en_route,,,,,I047:field_assessment:0,I047,,
220.0,2025-09-28T14:40:00Z,REPLAY,current_status,unit,PC-PUMP-03,en_route,,,,,I043:dewatering:0,I043,,
220.4,2025-09-28T14:40:25.324202976Z,REPLAY,current_status,unit,PC-PUMP-04,on_site,,,,,I040:dewatering:0,I040,,
222.0,2025-09-28T14:42:00Z,REPLAY,current_status,unit,PC-FIRE-07,on_site,,,,,I042:dewatering:0,I042,,
223.8,2025-09-28T14:43:45.996078815Z,REPLAY,current_status,unit,PC-AMB-06,en_route,rerouted: crew found the road blocked,,,,I046:field_assessment:0,,,
226.7,2025-09-28T14:46:40.824104660Z,REPLAY,current_status,unit,PC-AMB-06,on_site,,,,,I046:field_assessment:0,I046,,
228.4,2025-09-28T14:48:22.751547424Z,REPLAY,current_status,unit,PC-PUMP-01,on_site,,,,,I039:dewatering:0,I039,,
230.0,2025-09-28T14:50:00Z,REPLAY,current_status,unit,PC-BOAT-03,en_route,,,,,I046:water_rescue:0,I046,,
230.0,2025-09-28T14:50:00Z,REPLAY,current_status,unit,PC-POL-02,en_route,,,,,I049:field_assessment:0,I049,,
230.0,2025-09-28T14:50:00Z,REPLAY,current_status,unit,PC-TEAM-02,en_route,,,,,I048:field_assessment:0,I048,,
231.5,2025-09-28T14:51:27.138880580Z,REPLAY,current_status,shelter,lf-pc-s4,arrived,,400.0,135.0,90.0,,,PC-TRUCK-02,45.0
231.5,2025-09-28T14:51:27.138880580Z,REPLAY,current_status,unit,PC-TRUCK-02,available,mass_transport finished at I002,,,,,,,
231.7,2025-09-28T14:51:40.824104660Z,REPLAY,current_status,unit,PC-AMB-06,available,field_assessment finished at I046,,,,,,,
231.7,2025-09-28T14:51:41.953597724Z,REPLAY,current_status,unit,PC-AMB-05,on_site,,,,,I045:medical_transport:0,I045,,
232.1,2025-09-28T14:52:08.641993695Z,REPLAY,current_status,unit,PC-FIRE-03,available,dewatering finished at I034,,,,,,,
232.6,2025-09-28T14:52:38.912070822Z,REPLAY,current_status,unit,PC-FIRE-06,available,dewatering finished at I036,,,,,,,
233.6,2025-09-28T14:53:37.265033555Z,REPLAY,current_status,unit,PC-POL-02,on_site,,,,,I049:field_assessment:0,I049,,
235.9,2025-09-28T14:55:54.513238336Z,REPLAY,current_status,unit,PC-AMB-03,on_site,,,,,I047:field_assessment:0,I047,,
238.6,2025-09-28T14:58:37.265033555Z,REPLAY,current_status,unit,PC-POL-02,available,field_assessment finished at I049,,,,,,,
240.0,2025-09-28T15:00:00Z,REPLAY,current_status,unit,PC-FIRE-03,en_route,,,,,I046:water_rescue:0,I046,,
240.0,2025-09-28T15:00:00Z,REPLAY,current_status,shelter,lf-pc-r1,reserved,,1000.0,45.0,45.0,,,PC-TRUCK-02,45.0
240.0,2025-09-28T15:00:00Z,REPLAY,current_status,unit,PC-TRUCK-02,en_route,,,,,I017:mass_transport:0,I017,,
240.0,2025-09-28T15:00:00Z,REPLAY,current_status,unit,PC-JCB-02,en_route,,,,,I050:debris_clearance:0,I050,,
240.0,2025-09-28T15:00:00Z,REPLAY,current_status,unit,PC-AMB-06,en_route,,,,,I050:medical_transport:0,I050,,
240.0,2025-09-28T15:00:00Z,REPLAY,current_status,unit,PC-BOAT-03,en_route,,,,,I050:search_rescue:0,I050,,
240.0,2025-09-28T15:00:00Z,REPLAY,current_status,unit,PC-TEAM-02,en_route,,,,,I037:debris_clearance:0,I037,,
240.0,2025-09-28T15:00:00Z,REPLAY,current_status,unit,PC-FIRE-06,en_route,,,,,I048:field_assessment:0,I048,,
240.0,2025-09-28T15:00:00Z,REPLAY,current_status,unit,PC-POL-02,en_route,,,,,I051:field_assessment:0,I051,,
240.3,2025-09-28T15:00:17.541954435Z,REPLAY,current_status,unit,PC-FIRE-02,available,dewatering finished at I033,,,,,,,
240.6,2025-09-28T15:00:36.356275709Z,REPLAY,current_status,unit,PC-PUMP-02,available,dewatering finished at I038,,,,,,,
240.9,2025-09-28T15:00:54.513238336Z,REPLAY,current_status,unit,PC-AMB-03,available,field_assessment finished at I047,,,,,,,
244.2,2025-09-28T15:04:11.547180793Z,REPLAY,current_status,unit,PC-AMB-06,available,no passable road to the need (need returns to the pool),,,,,,,
248.8,2025-09-28T15:08:45.375602281Z,REPLAY,current_status,unit,PC-FIRE-06,on_site,,,,,I048:field_assessment:0,I048,,
249.5,2025-09-28T15:09:29.126318969Z,REPLAY,current_status,unit,PC-FIRE-03,en_route,rerouted: crew found the road blocked,,,,I046:water_rescue:0,,,
250.0,2025-09-28T15:10:00Z,REPLAY,current_status,unit,PC-AMB-03,en_route,,,,,I050:medical_transport:0,I050,,
250.0,2025-09-28T15:10:00Z,REPLAY,current_status,unit,PC-FIRE-02,en_route,,,,,I048:water_rescue:0,I048,,
250.0,2025-09-28T15:10:00Z,REPLAY,current_status,unit,PC-POL-02,en_route,,,,,I052:field_assessment:0,I052,,
250.0,2025-09-28T15:10:00Z,REPLAY,current_status,unit,PC-POL-03,en_route,,,,,I055:field_assessment:0,I055,,
250.0,2025-09-28T15:10:00Z,REPLAY,current_status,unit,PC-POL-04,en_route,,,,,I051:field_assessment:0,I051,,
251.9,2025-09-28T15:11:54.862875902Z,REPLAY,current_status,unit,PC-FIRE-03,on_site,,,,,I046:water_rescue:0,I046,,
254.7,2025-09-28T15:14:39.808188594Z,REPLAY,current_status,unit,PC-BOAT-03,available,no passable road to the need (need returns to the pool),,,,,,,
253.8,2025-09-28T15:13:45.375602281Z,REPLAY,current_status,unit,PC-FIRE-06,available,field_assessment finished at I048,,,,,,,
254.0,2025-09-28T15:14:01.975930517Z,REPLAY,current_status,unit,PC-AMB-03,on_site,,,,,I050:medical_transport:0,I050,,
254.2,2025-09-28T15:14:10.683975631Z,REPLAY,current_status,unit,PC-TEAM-02,en_route,rerouted: crew found the road blocked,,,,I037:debris_clearance:0,,,
255.2,2025-09-28T15:15:09.681264482Z,REPLAY,current_status,unit,PC-POL-02,on_site,,,,,I052:field_assessment:0,I052,,
257.1,2025-09-28T15:17:04.150403295Z,REPLAY,current_status,unit,PC-POL-01,available,traffic_control finished at I045,,,,,,,
258.7,2025-09-28T15:18:42.216878829Z,REPLAY,current_status,unit,PC-TRUCK-02,on_site,,,,,I017:mass_transport:0,I017,,
260.0,2025-09-28T15:20:00Z,REPLAY,current_status,unit,PC-FIRE-06,en_route,,,,,I048:water_rescue:0,I048,,
260.0,2025-09-28T15:20:00Z,REPLAY,current_status,unit,PC-FIRE-02,en_route,,,,,I057:field_assessment:0,I057,,
260.0,2025-09-28T15:20:00Z,REPLAY,current_status,unit,PC-POL-01,en_route,,,,,I056:field_assessment:0,I056,,
260.2,2025-09-28T15:20:09.681264482Z,REPLAY,current_status,unit,PC-POL-02,available,field_assessment finished at I052,,,,,,,
262.1,2025-09-28T15:22:03.732076261Z,REPLAY,current_status,unit,PC-PUMP-03,on_site,,,,,I043:dewatering:0,I043,,
262.9,2025-09-28T15:22:54.751022405Z,REPLAY,current_status,unit,PC-JCB-02,on_site,,,,,I050:debris_clearance:0,I050,,
264.2,2025-09-28T15:24:09.398005165Z,REPLAY,current_status,unit,PC-FIRE-06,on_site,,,,,I048:water_rescue:0,I048,,
268.1,2025-09-28T15:28:05.685876716Z,REPLAY,current_status,unit,PC-POL-03,on_site,,,,,I055:field_assessment:0,I055,,
270.0,2025-09-28T15:30:00Z,REPLAY,current_status,unit,PC-FIRE-02,en_route,,,,,I054:water_rescue:0,I054,,
270.0,2025-09-28T15:30:00Z,REPLAY,current_status,unit,PC-POL-02,en_route,,,,,I057:field_assessment:0,I057,,
270.0,2025-09-28T15:30:00Z,REPLAY,current_status,unit,PC-TEAM-02,en_route,,,,,I053:field_assessment:0,I053,,
270.7,2025-09-28T15:30:39.547330898Z,REPLAY,current_status,unit,PC-POL-04,on_site,,,,,I051:field_assessment:0,I051,,
272.4,2025-09-28T15:32:26.272671717Z,REPLAY,current_status,unit,PC-FIRE-01,available,dewatering finished at I044,,,,,,,
273.1,2025-09-28T15:33:05.685876716Z,REPLAY,current_status,unit,PC-POL-03,available,field_assessment finished at I055,,,,,,,
274.3,2025-09-28T15:34:16.608645355Z,REPLAY,current_status,unit,PC-POL-01,available,no passable road to the need (need returns to the pool),,,,,,,
275.7,2025-09-28T15:35:39.547330898Z,REPLAY,current_status,unit,PC-POL-04,available,field_assessment finished at I051,,,,,,,
279.9,2025-09-28T15:39:52.683578596Z,REPLAY,current_status,unit,PC-POL-02,on_site,,,,,I057:field_assessment:0,I057,,
280.0,2025-09-28T15:40:00Z,REPLAY,current_status,unit,PC-PUMP-02,en_route,,,,,I057:dewatering:0,I057,,
280.0,2025-09-28T15:40:00Z,REPLAY,current_status,unit,PC-FIRE-01,en_route,,,,,I056:field_assessment:0,I056,,
280.0,2025-09-28T15:40:00Z,REPLAY,current_status,unit,PC-POL-04,en_route,,,,,I059:field_assessment:0,I059,,
280.0,2025-09-28T15:40:00Z,REPLAY,current_status,unit,PC-POL-03,en_route,,,,,I061:field_assessment:0,I061,,
280.4,2025-09-28T15:40:25.324202976Z,REPLAY,current_status,unit,PC-PUMP-04,available,dewatering finished at I040,,,,,,,
281.7,2025-09-28T15:41:41.953597724Z,REPLAY,current_status,unit,PC-AMB-05,available,medical_transport finished at I045,,,,,,,
282.0,2025-09-28T15:42:00Z,REPLAY,current_status,unit,PC-FIRE-07,available,dewatering finished at I042,,,,,,,
282.5,2025-09-28T15:42:30.934082766Z,REPLAY,current_status,unit,PC-FIRE-02,on_site,,,,,I054:water_rescue:0,I054,,
284.9,2025-09-28T15:44:52.683578596Z,REPLAY,current_status,unit,PC-POL-02,available,field_assessment finished at I057,,,,,,,
285.0,2025-09-28T15:45:00.688532228Z,REPLAY,current_status,unit,PC-FIRE-01,on_site,,,,,I056:field_assessment:0,I056,,
288.4,2025-09-28T15:48:22.751547424Z,REPLAY,current_status,unit,PC-PUMP-01,available,dewatering finished at I039,,,,,,,
288.4,2025-09-28T15:48:23.884077068Z,REPLAY,current_status,unit,PC-POL-04,on_site,,,,,I059:field_assessment:0,I059,,
290.0,2025-09-28T15:50:00Z,REPLAY,current_status,unit,PC-FIRE-07,en_route,,,,,I060:field_assessment:0,I060,,
290.0,2025-09-28T15:50:00Z,REPLAY,current_status,unit,PC-POL-02,en_route,,,,,I058:field_assessment:0,I058,,
290.0,2025-09-28T15:50:00.688532228Z,REPLAY,current_status,unit,PC-FIRE-01,available,field_assessment finished at I056,,,,,,,
291.8,2025-09-28T15:51:46.908864664Z,REPLAY,current_status,unit,PC-POL-03,on_site,,,,,I061:field_assessment:0,I061,,
293.0,2025-09-28T15:53:00Z,REPLAY,current_status,unit,PC-FIRE-07,available,no passable road to the need (need returns to the pool),,,,,,,
293.4,2025-09-28T15:53:23.884077068Z,REPLAY,current_status,unit,PC-POL-04,available,field_assessment finished at I059,,,,,,,
293.9,2025-09-28T15:53:53.590977037Z,REPLAY,current_status,unit,PC-PUMP-02,on_site,,,,,I057:dewatering:0,I057,,
296.7,2025-09-28T15:56:43.698988617Z,REPLAY,current_status,unit,PC-TEAM-02,on_site,,,,,I053:field_assessment:0,I053,,
296.8,2025-09-28T15:56:46.908864664Z,REPLAY,current_status,unit,PC-POL-03,available,field_assessment finished at I061,,,,,,,
296.9,2025-09-28T15:56:54.862875902Z,REPLAY,current_status,unit,PC-FIRE-03,available,water_rescue finished at I046,,,,,,,
300.0,2025-09-28T16:00:00Z,REPLAY,current_status,unit,PC-AMB-05,en_route,,,,,I070:field_assessment:0,I070,,
300.0,2025-09-28T16:00:00Z,REPLAY,current_status,unit,PC-FIRE-01,en_route,,,,,I058:field_assessment:0,I058,,
300.0,2025-09-28T16:00:00Z,REPLAY,current_status,unit,PC-POL-02,en_route,,,,,I064:field_assessment:0,I064,,
300.0,2025-09-28T16:00:00Z,REPLAY,current_status,unit,PC-POL-04,en_route,,,,,I060:field_assessment:0,I060,,
300.0,2025-09-28T16:00:00Z,REPLAY,current_status,unit,PC-POL-03,en_route,,,,,I062:field_assessment:0,I062,,
300.0,2025-09-28T16:00:00Z,REPLAY,current_status,unit,PC-TEAM-01,en_route,,,,,I063:field_assessment:0,I063,,
301.7,2025-09-28T16:01:43.698988617Z,REPLAY,current_status,unit,PC-TEAM-02,available,field_assessment finished at I053,,,,,,,
302.9,2025-09-28T16:02:54.751022405Z,REPLAY,current_status,unit,PC-JCB-02,available,debris_clearance finished at I050,,,,,,,
303.9,2025-09-28T16:03:53.725842054Z,REPLAY,current_status,unit,PC-FIRE-01,on_site,,,,,I058:field_assessment:0,I058,,
304.0,2025-09-28T16:04:02.776456375Z,REPLAY,current_status,unit,PC-AMB-05,on_site,,,,,I070:field_assessment:0,I070,,
305.3,2025-09-28T16:05:20.332856415Z,REPLAY,current_status,unit,PC-POL-03,en_route,rerouted: crew found the road blocked,,,,I062:field_assessment:0,,,
306.0,2025-09-28T16:05:57.983915025Z,REPLAY,current_status,unit,PC-POL-02,on_site,,,,,I064:field_assessment:0,I064,,
308.9,2025-09-28T16:08:53.725842054Z,REPLAY,current_status,unit,PC-FIRE-01,available,field_assessment finished at I058,,,,,,,
309.0,2025-09-28T16:09:02.776456375Z,REPLAY,current_status,unit,PC-AMB-05,available,field_assessment finished at I070,,,,,,,
309.2,2025-09-28T16:09:09.398005165Z,REPLAY,current_status,unit,PC-FIRE-06,available,water_rescue finished at I048,,,,,,,
310.0,2025-09-28T16:10:00Z,REPLAY,current_status,unit,PC-FIRE-01,en_route,,,,,I061:water_rescue:0,I061,,
310.0,2025-09-28T16:10:00Z,REPLAY,current_status,unit,PC-TEAM-02,en_route,,,,,I037:debris_clearance:0,I037,,
310.0,2025-09-28T16:10:00Z,REPLAY,current_status,unit,PC-PUMP-04,en_route,,,,,I058:dewatering:0,I058,,
310.0,2025-09-28T16:10:00Z,REPLAY,current_status,unit,PC-FIRE-06,en_route,,,,,I062:field_assessment:0,I062,,
310.0,2025-09-28T16:10:00Z,REPLAY,current_status,unit,PC-POL-03,en_route,,,,,I069:field_assessment:0,I069,,
311.0,2025-09-28T16:10:57.983915025Z,REPLAY,current_status,unit,PC-POL-02,available,field_assessment finished at I064,,,,,,,
315.7,2025-09-28T16:15:43.456289018Z,REPLAY,current_status,unit,PC-POL-04,on_site,,,,,I060:field_assessment:0,I060,,
317.4,2025-09-28T16:17:25.947430984Z,REPLAY,current_status,unit,PC-PUMP-04,on_site,,,,,I058:dewatering:0,I058,,
319.6,2025-09-28T16:19:37.221319351Z,REPLAY,current_status,unit,PC-FIRE-06,on_site,,,,,I062:field_assessment:0,I062,,
320.0,2025-09-28T16:20:00Z,REPLAY,current_status,unit,PC-POL-02,en_route,,,,,I071:field_assessment:0,I071,,
320.7,2025-09-28T16:20:43.456289018Z,REPLAY,current_status,unit,PC-POL-04,available,field_assessment finished at I060,,,,,,,
322.1,2025-09-28T16:22:03.732076261Z,REPLAY,current_status,unit,PC-PUMP-03,available,dewatering finished at I043,,,,,,,
322.7,2025-09-28T16:22:40.799512647Z,REPLAY,current_status,unit,PC-POL-03,on_site,,,,,I069:field_assessment:0,I069,,
324.6,2025-09-28T16:24:37.221319351Z,REPLAY,current_status,unit,PC-FIRE-06,available,field_assessment finished at I062,,,,,,,
324.9,2025-09-28T16:24:52.014856703Z,REPLAY,current_status,unit,PC-FIRE-01,on_site,,,,,I061:water_rescue:0,I061,,
326.6,2025-09-28T16:26:35.769459563Z,REPLAY,current_status,unit,PC-TEAM-01,on_site,,,,,I063:field_assessment:0,I063,,
327.5,2025-09-28T16:27:30.934082766Z,REPLAY,current_status,unit,PC-FIRE-02,available,water_rescue finished at I054,,,,,,,
327.7,2025-09-28T16:27:40.799512647Z,REPLAY,current_status,unit,PC-POL-03,available,field_assessment finished at I069,,,,,,,
328.0,2025-09-28T16:28:02.245579520Z,REPLAY,current_status,unit,PC-AMB-03,available,medical_transport finished at I050,,,,,,,
330.0,2025-09-28T16:30:00Z,REPLAY,current_status,unit,PC-FIRE-06,en_route,,,,,I060:water_rescue:0,I060,,
330.0,2025-09-28T16:30:00Z,REPLAY,current_status,unit,PC-PUMP-03,en_route,,,,,I062:dewatering:0,I062,,
330.0,2025-09-28T16:30:00Z,REPLAY,current_status,unit,PC-AMB-03,en_route,,,,,I067:field_assessment:0,I067,,
330.0,2025-09-28T16:30:00Z,REPLAY,current_status,unit,PC-POL-03,en_route,,,,,I065:field_assessment:0,I065,,
330.0,2025-09-28T16:30:00Z,REPLAY,current_status,unit,PC-POL-04,en_route,,,,,I068:field_assessment:0,I068,,
331.6,2025-09-28T16:31:35.769459563Z,REPLAY,current_status,unit,PC-TEAM-01,available,field_assessment finished at I063,,,,,,,
334.0,2025-09-28T16:33:58.712411782Z,REPLAY,current_status,unit,PC-POL-02,on_site,,,,,I071:field_assessment:0,I071,,
335.0,2025-09-28T16:34:59.271930470Z,REPLAY,current_status,unit,PC-FIRE-06,available,no passable road to the need (need returns to the pool),,,,,,,
339.0,2025-09-28T16:38:58.712411782Z,REPLAY,current_status,unit,PC-POL-02,available,field_assessment finished at I071,,,,,,,
340.0,2025-09-28T16:40:00Z,REPLAY,current_status,unit,PC-TEAM-01,en_route,,,,,I063:water_rescue:0,I063,,
340.0,2025-09-28T16:40:00Z,REPLAY,current_status,unit,PC-POL-02,en_route,,,,,I073:field_assessment:0,I073,,
341.0,2025-09-28T16:41:02.424558364Z,REPLAY,current_status,unit,PC-AMB-03,on_site,,,,,I067:field_assessment:0,I067,,
342.2,2025-09-28T16:42:11.366002585Z,REPLAY,current_status,unit,PC-TEAM-02,on_site,,,,,I037:debris_clearance:0,I037,,
342.5,2025-09-28T16:42:27.523404540Z,REPLAY,current_status,unit,PC-POL-03,on_site,,,,,I065:field_assessment:0,I065,,
344.9,2025-09-28T16:44:54.754299338Z,REPLAY,current_status,unit,PC-POL-04,en_route,rerouted: crew found the road blocked,,,,I068:field_assessment:0,,,
345.3,2025-09-28T16:45:19.089603898Z,REPLAY,current_status,unit,PC-POL-02,en_route,rerouted: crew found the road blocked,,,,I073:field_assessment:0,,,
346.0,2025-09-28T16:46:02.424558364Z,REPLAY,current_status,unit,PC-AMB-03,available,field_assessment finished at I067,,,,,,,
346.7,2025-09-28T16:46:40.335697929Z,REPLAY,current_status,unit,PC-POL-04,on_site,,,,,I068:field_assessment:0,I068,,
347.5,2025-09-28T16:47:27.523404540Z,REPLAY,current_status,unit,PC-POL-03,available,field_assessment finished at I065,,,,,,,
350.0,2025-09-28T16:50:00Z,REPLAY,current_status,unit,PC-POL-03,en_route,,,,,I076:field_assessment:0,I076,,
350.0,2025-09-28T16:50:00Z,REPLAY,current_status,unit,PC-AMB-03,en_route,,,,,I074:field_assessment:0,I074,,
351.7,2025-09-28T16:51:40.335697929Z,REPLAY,current_status,unit,PC-POL-04,available,field_assessment finished at I068,,,,,,,
353.4,2025-09-28T16:53:21.690205301Z,REPLAY,current_status,shelter,lf-pc-r1,arrived,,1000.0,90.0,0.0,,,PC-TRUCK-02,45.0
353.4,2025-09-28T16:53:21.690205301Z,REPLAY,current_status,unit,PC-TRUCK-02,available,mass_transport finished at I017,,,,,,,
353.9,2025-09-28T16:53:51.710074969Z,REPLAY,current_status,unit,PC-TEAM-01,on_site,,,,,I063:water_rescue:0,I063,,
353.9,2025-09-28T16:53:53.590977037Z,REPLAY,current_status,unit,PC-PUMP-02,available,dewatering finished at I057,,,,,,,
358.7,2025-09-28T16:58:39.824615139Z,REPLAY,current_status,unit,PC-POL-03,en_route,rerouted: crew found the road blocked,,,,I076:field_assessment:0,,,
359.7,2025-09-28T16:59:39.824615139Z,REPLAY,current_status,unit,PC-POL-03,en_route,rerouted: crew found the road blocked,,,,I076:field_assessment:0,,,
360.0,2025-09-28T17:00:00Z,REPLAY,current_status,unit,PC-POL-03,en_route,rerouted: now reported closed,,,,I076:field_assessment:0,,,
360.0,2025-09-28T17:00:00Z,REPLAY,current_status,unit,PC-PUMP-02,en_route,,,,,I071:dewatering:0,I071,,
360.0,2025-09-28T17:00:00Z,REPLAY,current_status,unit,PC-POL-04,en_route,,,,,I080:field_assessment:0,I080,,
361.9,2025-09-28T17:01:51.887656657Z,REPLAY,current_status,unit,PC-POL-02,en_route,rerouted: crew found the road blocked,,,,I073:field_assessment:0,,,
362.2,2025-09-28T17:02:10.256842962Z,REPLAY,current_status,unit,PC-POL-03,on_site,,,,,I076:field_assessment:0,I076,,
363.3,2025-09-28T17:03:20.956071996Z,REPLAY,current_status,unit,PC-POL-02,en_route,rerouted: crew found the road blocked,,,,I073:field_assessment:0,,,
365.7,2025-09-28T17:05:41.113058561Z,REPLAY,current_status,unit,PC-AMB-03,available,no passable road to the need (need returns to the pool),,,,,,,
365.8,2025-09-28T17:05:49.297763039Z,REPLAY,current_status,unit,PC-POL-02,on_site,,,,,I073:field_assessment:0,I073,,
367.2,2025-09-28T17:07:10.256842962Z,REPLAY,current_status,unit,PC-POL-03,available,field_assessment finished at I076,,,,,,,
369.8,2025-09-28T17:09:49.342664940Z,REPLAY,current_status,unit,PC-POL-04,on_site,,,,,I080:field_assessment:0,I080,,
369.9,2025-09-28T17:09:52.014856703Z,REPLAY,current_status,unit,PC-FIRE-01,available,water_rescue finished at I061,,,,,,,
370.0,2025-09-28T17:10:00Z,REPLAY,current_status,unit,PC-FIRE-01,en_route,,,,,I064:water_rescue:0,I064,,
370.0,2025-09-28T17:10:00Z,REPLAY,current_status,unit,PC-JCB-01,en_route,,,,,I076:debris_clearance:0,I076,,
370.0,2025-09-28T17:10:00Z,REPLAY,current_status,unit,PC-POL-01,en_route,,,,,I084:field_assessment:0,I084,,
370.0,2025-09-28T17:10:00Z,REPLAY,current_status,unit,PC-AMB-05,en_route,,,,,I083:field_assessment:0,I083,,
370.0,2025-09-28T17:10:00Z,REPLAY,current_status,unit,PC-POL-03,en_route,,,,,I078:field_assessment:0,I078,,
370.8,2025-09-28T17:10:49.297763039Z,REPLAY,current_status,unit,PC-POL-02,available,field_assessment finished at I073,,,,,,,
373.0,2025-09-28T17:13:00Z,REPLAY,current_status,unit,PC-POL-01,available,no passable road to the need (need returns to the pool),,,,,,,
374.8,2025-09-28T17:14:49.342664940Z,REPLAY,current_status,unit,PC-POL-04,available,field_assessment finished at I080,,,,,,,
375.3,2025-09-28T17:15:17.195345744Z,REPLAY,current_status,unit,PC-FIRE-01,on_site,,,,,I064:water_rescue:0,I064,,
376.5,2025-09-28T17:16:30.285748093Z,REPLAY,current_status,unit,PC-AMB-05,en_route,rerouted: crew found the road blocked,,,,I083:field_assessment:0,,,
377.4,2025-09-28T17:17:25.947430984Z,REPLAY,current_status,unit,PC-PUMP-04,available,dewatering finished at I058,,,,,,,
380.0,2025-09-28T17:20:00Z,REPLAY,current_status,unit,PC-POL-02,en_route,,,,,I073:traffic_control:0,I073,,
380.0,2025-09-28T17:20:00Z,REPLAY,current_status,unit,PC-POL-03,en_route,,,,,I074:field_assessment:0,I074,,
380.0,2025-09-28T17:20:00Z,REPLAY,current_status,unit,PC-POL-04,en_route,,,,,I079:field_assessment:0,I079,,
380.0,2025-09-28T17:20:00Z,REPLAY,current_status,unit,PC-PUMP-04,en_route,,,,,I080:dewatering:0,I080,,
382.2,2025-09-28T17:22:11.366002585Z,REPLAY,current_status,unit,PC-TEAM-02,available,debris_clearance finished at I037,,,,,,,
382.8,2025-09-28T17:22:50.482218788Z,REPLAY,current_status,unit,PC-POL-03,on_site,,,,,I074:field_assessment:0,I074,,
383.5,2025-09-28T17:23:28.341691043Z,REPLAY,current_status,unit,PC-POL-02,on_site,,,,,I073:traffic_control:0,I073,,
383.7,2025-09-28T17:23:44.566278150Z,REPLAY,current_status,unit,PC-AMB-05,on_site,,,,,I083:field_assessment:0,I083,,
384.9,2025-09-28T17:24:51.847872134Z,REPLAY,current_status,unit,PC-PUMP-03,on_site,,,,,I062:dewatering:0,I062,,
385.4,2025-09-28T17:25:25.398132964Z,REPLAY,current_status,unit,PC-PUMP-02,on_site,,,,,I071:dewatering:0,I071,,
387.8,2025-09-28T17:27:50.482218788Z,REPLAY,current_status,unit,PC-POL-03,available,field_assessment finished at I074,,,,,,,
388.7,2025-09-28T17:28:44.566278150Z,REPLAY,current_status,unit,PC-AMB-05,available,field_assessment finished at I083,,,,,,,
388.8,2025-09-28T17:28:46.630446096Z,REPLAY,current_status,unit,PC-POL-04,on_site,,,,,I079:field_assessment:0,I079,,
390.0,2025-09-28T17:30:00Z,REPLAY,current_status,unit,PC-PUMP-04,en_route,,,,,I065:dewatering:0,I065,,
390.0,2025-09-28T17:30:00Z,REPLAY,current_status,unit,PC-POL-03,en_route,,,,,I075:field_assessment:0,I075,,
390.0,2025-09-28T17:30:00Z,REPLAY,current_status,unit,PC-AMB-05,en_route,,,,,I088:field_assessment:0,I088,,
390.0,2025-09-28T17:30:00Z,REPLAY,current_status,unit,PC-FIRE-05,en_route,,,,,I080:dewatering:0,I080,,
390.0,2025-09-28T17:30:00Z,REPLAY,current_status,unit,PC-TEAM-02,en_route,,,,,I066:field_assessment:0,I066,,
390.0,2025-09-28T17:30:00Z,REPLAY,current_status,unit,PC-PUMP-01,en_route,,,,,I083:dewatering:0,I083,,
393.8,2025-09-28T17:33:46.630446096Z,REPLAY,current_status,unit,PC-POL-04,available,field_assessment finished at I079,,,,,,,
398.9,2025-09-28T17:38:51.710074969Z,REPLAY,current_status,unit,PC-TEAM-01,available,water_rescue finished at I063,,,,,,,
400.0,2025-09-28T17:40:00Z,REPLAY,current_status,unit,PC-TEAM-02,available,incident expired: 'cleared' report after the last supporting report,,,,,,,
400.0,2025-09-28T17:40:00Z,REPLAY,current_status,unit,PC-FIRE-05,en_route,,,,,I060:water_rescue:0,I060,,
400.0,2025-09-28T17:40:00Z,REPLAY,current_status,unit,PC-TEAM-02,en_route,,,,,I050:search_rescue:0,I050,,
400.0,2025-09-28T17:40:00Z,REPLAY,current_status,unit,PC-TEAM-01,en_route,,,,,I084:field_assessment:0,I084,,
400.0,2025-09-28T17:40:00Z,REPLAY,current_status,unit,PC-POL-03,en_route,,,,,I090:field_assessment:0,I090,,
400.0,2025-09-28T17:40:00Z,REPLAY,current_status,unit,PC-POL-04,en_route,,,,,I081:field_assessment:0,I081,,
400.9,2025-09-28T17:40:52.120671873Z,REPLAY,current_status,unit,PC-JCB-01,on_site,,,,,I076:debris_clearance:0,I076,,
401.8,2025-09-28T17:41:45.970233517Z,REPLAY,current_status,unit,PC-POL-03,en_route,rerouted: crew found the road blocked,,,,I090:field_assessment:0,,,
402.8,2025-09-28T17:42:47.847489062Z,REPLAY,current_status,unit,PC-AMB-05,on_site,,,,,I088:field_assessment:0,I088,,
402.8,2025-09-28T17:42:48.377189528Z,REPLAY,current_status,unit,PC-PUMP-04,on_site,,,,,I065:dewatering:0,I065,,
403.3,2025-09-28T17:43:20.995414937Z,REPLAY,current_status,unit,PC-POL-04,en_route,rerouted: crew found the road blocked,,,,I081:field_assessment:0,,,
405.8,2025-09-28T17:45:49.509134510Z,REPLAY,current_status,unit,PC-FIRE-05,on_site,,,,,I060:water_rescue:0,I060,,
407.8,2025-09-28T17:47:47.847489062Z,REPLAY,current_status,unit,PC-AMB-05,available,field_assessment finished at I088,,,,,,,
409.0,2025-09-28T17:49:01.393014687Z,REPLAY,current_status,unit,PC-TEAM-01,on_site,,,,,I084:field_assessment:0,I084,,
410.0,2025-09-28T17:50:00Z,REPLAY,current_status,unit,PC-POL-03,en_route,,,,,I091:field_assessment:0,I091,,
410.0,2025-09-28T17:50:00Z,REPLAY,current_status,unit,PC-TEAM-02,en_route,,,,,I075:field_assessment:0,I075,,
410.2,2025-09-28T17:50:13.155086626Z,REPLAY,current_status,unit,PC-POL-03,en_route,rerouted: crew found the road blocked,,,,I091:field_assessment:0,,,
412.2,2025-09-28T17:52:13.155086626Z,REPLAY,current_status,unit,PC-POL-03,available,no passable road to the need (need returns to the pool),,,,,,,
414.0,2025-09-28T17:54:01.393014687Z,REPLAY,current_status,unit,PC-TEAM-01,available,field_assessment finished at I084,,,,,,,
418.8,2025-09-28T17:58:47.986760854Z,REPLAY,current_status,unit,PC-PUMP-01,on_site,,,,,I083:dewatering:0,I083,,
420.0,2025-09-28T18:00:00Z,REPLAY,current_status,unit,PC-POL-04,en_route,,,,,I085:field_assessment:0,I085,,
420.3,2025-09-28T18:00:17.195345744Z,REPLAY,current_status,unit,PC-FIRE-01,available,water_rescue finished at I064,,,,,,,
422.9,2025-09-28T18:02:52.227597560Z,REPLAY,current_status,unit,PC-POL-04,on_site,,,,,I085:field_assessment:0,I085,,
427.9,2025-09-28T18:07:52.227597560Z,REPLAY,current_status,unit,PC-POL-04,available,field_assessment finished at I085,,,,,,,
428.5,2025-09-28T18:08:28.341691043Z,REPLAY,current_status,unit,PC-POL-02,available,traffic_control finished at I073,,,,,,,
429.8,2025-09-28T18:09:47.508231518Z,REPLAY,current_status,unit,PC-TEAM-02,on_site,,,,,I075:field_assessment:0,I075,,
430.0,2025-09-28T18:10:00Z,REPLAY,current_status,unit,PC-FIRE-01,en_route,,,,,I090:field_assessment:0,I090,,
430.0,2025-09-28T18:10:00Z,REPLAY,current_status,unit,PC-POL-04,en_route,,,,,I078:field_assessment:0,I078,,
434.8,2025-09-28T18:14:47.508231518Z,REPLAY,current_status,unit,PC-TEAM-02,available,field_assessment finished at I075,,,,,,,
440.0,2025-09-28T18:20:00Z,REPLAY,current_status,unit,PC-FIRE-01,en_route,,,,,I096:field_assessment:0,I096,,
440.0,2025-09-28T18:20:00Z,REPLAY,current_status,unit,PC-TEAM-02,en_route,,,,,I087:field_assessment:0,I087,,
440.9,2025-09-28T18:20:52.120671873Z,REPLAY,current_status,unit,PC-JCB-01,available,debris_clearance finished at I076,,,,,,,
444.9,2025-09-28T18:24:51.847872134Z,REPLAY,current_status,unit,PC-PUMP-03,available,dewatering finished at I062,,,,,,,
445.4,2025-09-28T18:25:25.398132964Z,REPLAY,current_status,unit,PC-PUMP-02,available,dewatering finished at I071,,,,,,,
446.4,2025-09-28T18:26:26.246151353Z,REPLAY,current_status,unit,PC-FIRE-01,on_site,,,,,I096:field_assessment:0,I096,,
448.0,2025-09-28T18:27:59.573720915Z,REPLAY,current_status,unit,PC-POL-04,on_site,,,,,I078:field_assessment:0,I078,,
450.0,2025-09-28T18:30:00Z,REPLAY,current_status,unit,PC-PUMP-03,en_route,,,,,I079:dewatering:0,I079,,
450.0,2025-09-28T18:30:00Z,REPLAY,current_status,unit,PC-PUMP-02,en_route,,,,,I068:dewatering:0,I068,,
450.0,2025-09-28T18:30:00Z,REPLAY,current_status,unit,PC-TEAM-03,en_route,,,,,I099:field_assessment:0,I099,,
450.0,2025-09-28T18:30:00Z,REPLAY,current_status,unit,PC-TEAM-02,en_route,,,,,I097:field_assessment:0,I097,,
450.8,2025-09-28T18:30:49.509134510Z,REPLAY,current_status,unit,PC-FIRE-05,available,water_rescue finished at I060,,,,,,,
451.4,2025-09-28T18:31:26.246151353Z,REPLAY,current_status,unit,PC-FIRE-01,available,field_assessment finished at I096,,,,,,,
453.0,2025-09-28T18:32:59.573720915Z,REPLAY,current_status,unit,PC-POL-04,available,field_assessment finished at I078,,,,,,,
454.7,2025-09-28T18:34:40.932343455Z,REPLAY,current_status,unit,PC-PUMP-03,on_site,,,,,I079:dewatering:0,I079,,
458.5,2025-09-28T18:38:31.103831860Z,REPLAY,current_status,unit,PC-TEAM-03,on_site,,,,,I099:field_assessment:0,I099,,
460.0,2025-09-28T18:40:00Z,REPLAY,current_status,unit,PC-FIRE-01,en_route,,,,,I077:field_assessment:0,I077,,
460.0,2025-09-28T18:40:00Z,REPLAY,current_status,unit,PC-POL-04,en_route,,,,,I089:field_assessment:0,I089,,
460.0,2025-09-28T18:40:00Z,REPLAY,current_status,unit,PC-FIRE-05,en_route,,,,,I098:field_assessment:0,I098,,
462.8,2025-09-28T18:42:48.377189528Z,REPLAY,current_status,unit,PC-PUMP-04,available,dewatering finished at I065,,,,,,,
463.5,2025-09-28T18:43:31.103831860Z,REPLAY,current_status,unit,PC-TEAM-03,available,field_assessment finished at I099,,,,,,,
466.8,2025-09-28T18:46:48.564680742Z,REPLAY,current_status,unit,PC-PUMP-02,on_site,,,,,I068:dewatering:0,I068,,
470.0,2025-09-28T18:50:00Z,REPLAY,current_status,unit,PC-FIRE-05,en_route,,,,,I099:dewatering:0,I099,,
470.0,2025-09-28T18:50:00Z,REPLAY,current_status,unit,PC-FIRE-01,en_route,,,,,I090:field_assessment:0,I090,,
470.0,2025-09-28T18:50:00Z,REPLAY,current_status,unit,PC-TEAM-02,en_route,,,,,I098:field_assessment:0,I098,,
470.0,2025-09-28T18:50:00Z,REPLAY,current_status,unit,PC-PUMP-04,en_route,,,,,I080:dewatering:0,I080,,
470.0,2025-09-28T18:50:00Z,REPLAY,current_status,unit,PC-POL-04,en_route,,,,,I100:field_assessment:0,I100,,
470.0,2025-09-28T18:50:00Z,REPLAY,current_status,unit,PC-TEAM-03,en_route,,,,,I077:field_assessment:0,I077,,
471.8,2025-09-28T18:51:49.213137256Z,REPLAY,current_status,unit,PC-FIRE-01,on_site,,,,,I090:field_assessment:0,I090,,
476.8,2025-09-28T18:56:49.213137256Z,REPLAY,current_status,unit,PC-FIRE-01,available,field_assessment finished at I090,,,,,,,
478.8,2025-09-28T18:58:47.986760854Z,REPLAY,current_status,unit,PC-PUMP-01,available,dewatering finished at I083,,,,,,,
480.0,2025-09-28T19:00:00Z,REPLAY,current_status,unit,PC-FIRE-04,en_route,,,,,I090:water_rescue:0,I090,,
480.0,2025-09-28T19:00:00Z,REPLAY,current_status,unit,PC-PUMP-01,en_route,,,,,I088:dewatering:0,I088,,
480.0,2025-09-28T19:00:00Z,REPLAY,current_status,unit,PC-POL-02,en_route,,,,,I103:field_assessment:0,I103,,
480.0,2025-09-28T19:00:00Z,REPLAY,current_status,unit,PC-FIRE-01,en_route,,,,,I077:field_assessment:0,I077,,
480.0,2025-09-28T19:00:00Z,REPLAY,current_status,unit,PC-POL-04,en_route,,,,,I089:field_assessment:0,I089,,
480.0,2025-09-28T19:00:00Z,REPLAY,current_status,unit,PC-TEAM-01,en_route,,,,,I104:field_assessment:0,I104,,
480.0,2025-09-28T19:00:00Z,REPLAY,current_status,unit,PC-TEAM-03,en_route,,,,,I097:field_assessment:0,I097,,
481.1,2025-09-28T19:01:03.298835136Z,REPLAY,current_status,unit,PC-FIRE-05,on_site,,,,,I099:dewatering:0,I099,,
484.0,2025-09-28T19:03:59.760318330Z,REPLAY,current_status,unit,PC-POL-02,on_site,,,,,I103:field_assessment:0,I103,,
484.6,2025-09-28T19:04:34.615406655Z,REPLAY,current_status,unit,PC-TEAM-02,on_site,,,,,I098:field_assessment:0,I098,,
487.3,2025-09-28T19:07:16.351994376Z,REPLAY,current_status,unit,PC-FIRE-04,on_site,,,,,I090:water_rescue:0,I090,,
488.1,2025-09-28T19:08:07.228076078Z,REPLAY,current_status,unit,PC-PUMP-04,on_site,,,,,I080:dewatering:0,I080,,
489.0,2025-09-28T19:08:59.760318330Z,REPLAY,current_status,unit,PC-POL-02,available,field_assessment finished at I103,,,,,,,
489.6,2025-09-28T19:09:34.615406655Z,REPLAY,current_status,unit,PC-TEAM-02,available,field_assessment finished at I098,,,,,,,
490.0,2025-09-28T19:10:00Z,REPLAY,current_status,unit,PC-TEAM-02,en_route,,,,,I050:search_rescue:0,I050,,
490.0,2025-09-28T19:10:00Z,REPLAY,current_status,unit,PC-POL-04,en_route,,,,,I102:traffic_control:0,I102,,
490.0,2025-09-28T19:10:00Z,REPLAY,current_status,unit,PC-TEAM-03,en_route,,,,,I092:field_assessment:0,I092,,
492.9,2025-09-28T19:12:55.090080017Z,REPLAY,current_status,unit,PC-POL-04,on_site,,,,,I102:traffic_control:0,I102,,
494.2,2025-09-28T19:14:12.656253797Z,REPLAY,current_status,unit,PC-FIRE-01,on_site,,,,,I077:field_assessment:0,I077,,
495.1,2025-09-28T19:15:03.366668720Z,REPLAY,current_status,unit,PC-TEAM-01,on_site,,,,,I104:field_assessment:0,I104,,
499.2,2025-09-28T19:19:12.656253797Z,REPLAY,current_status,unit,PC-FIRE-01,available,field_assessment finished at I077,,,,,,,
499.6,2025-09-28T19:19:36.001737739Z,REPLAY,current_status,unit,PC-PUMP-01,on_site,,,,,I088:dewatering:0,I088,,
500.0,2025-09-28T19:20:00Z,REPLAY,current_status,unit,PC-FIRE-01,en_route,,,,,I077:water_rescue:0,I077,,
500.0,2025-09-28T19:20:00Z,REPLAY,current_status,unit,PC-FIRE-06,en_route,,,,,I106:field_assessment:0,I106,,
500.0,2025-09-28T19:20:00Z,REPLAY,current_status,unit,PC-TEAM-02,en_route,,,,,I093:field_assessment:0,I093,,
500.0,2025-09-28T19:20:00Z,REPLAY,current_status,unit,PC-TEAM-03,en_route,,,,,I105:field_assessment:0,I105,,
500.1,2025-09-28T19:20:03.366668720Z,REPLAY,current_status,unit,PC-TEAM-01,available,field_assessment finished at I104,,,,,,,
502.8,2025-09-28T19:22:49.965467076Z,REPLAY,current_status,unit,PC-FIRE-01,on_site,,,,,I077:water_rescue:0,I077,,
503.8,2025-09-28T19:23:45.479708712Z,REPLAY,current_status,unit,PC-FIRE-06,on_site,,,,,I106:field_assessment:0,I106,,
508.8,2025-09-28T19:28:45.479708712Z,REPLAY,current_status,unit,PC-FIRE-06,available,field_assessment finished at I106,,,,,,,
510.0,2025-09-28T19:30:00Z,REPLAY,current_status,unit,PC-FIRE-06,en_route,,,,,I106:water_rescue:0,I106,,
510.0,2025-09-28T19:30:00Z,REPLAY,current_status,unit,PC-TEAM-03,en_route,,,,,I091:field_assessment:0,I091,,
513.8,2025-09-28T19:33:45.479708712Z,REPLAY,current_status,unit,PC-FIRE-06,on_site,,,,,I106:water_rescue:0,I106,,
514.7,2025-09-28T19:34:40.932343455Z,REPLAY,current_status,unit,PC-PUMP-03,available,dewatering finished at I079,,,,,,,
517.9,2025-09-28T19:37:56.688318147Z,REPLAY,current_status,unit,PC-TEAM-02,on_site,,,,,I093:field_assessment:0,I093,,
520.0,2025-09-28T19:40:00Z,REPLAY,current_status,unit,PC-PUMP-03,en_route,,,,,I074:dewatering:0,I074,,
522.8,2025-09-28T19:42:46.700765034Z,REPLAY,current_status,unit,PC-TEAM-03,on_site,,,,,I091:field_assessment:0,I091,,
522.9,2025-09-28T19:42:56.688318147Z,REPLAY,current_status,unit,PC-TEAM-02,available,field_assessment finished at I093,,,,,,,
526.8,2025-09-28T19:46:48.564680742Z,REPLAY,current_status,unit,PC-PUMP-02,available,dewatering finished at I068,,,,,,,
527.8,2025-09-28T19:47:46.700765034Z,REPLAY,current_status,unit,PC-TEAM-03,available,field_assessment finished at I091,,,,,,,
530.0,2025-09-28T19:50:00Z,REPLAY,current_status,unit,PC-PUMP-02,en_route,,,,,I072:dewatering:0,I072,,
530.0,2025-09-28T19:50:00Z,REPLAY,current_status,unit,PC-TEAM-03,en_route,,,,,I100:field_assessment:0,I100,,
530.0,2025-09-28T19:50:00Z,REPLAY,current_status,unit,PC-TEAM-02,en_route,,,,,I095:field_assessment:0,I095,,
532.3,2025-09-28T19:52:16.351994376Z,REPLAY,current_status,unit,PC-FIRE-04,available,water_rescue finished at I090,,,,,,,
536.3,2025-09-28T19:56:19.689842883Z,REPLAY,current_status,unit,PC-PUMP-02,en_route,rerouted: crew found the road blocked,,,,I072:dewatering:0,,,
536.9,2025-09-28T19:56:54.684683332Z,REPLAY,current_status,unit,PC-PUMP-03,en_route,rerouted: crew found the road blocked,,,,I074:dewatering:0,,,
537.9,2025-09-28T19:57:55.090080017Z,REPLAY,current_status,unit,PC-POL-04,available,traffic_control finished at I102,,,,,,,
540.0,2025-09-28T20:00:00Z,REPLAY,current_status,unit,PC-TEAM-02,en_route,,,,,I110:field_assessment:0,I110,,
541.0,2025-09-28T20:00:58.407867564Z,REPLAY,current_status,unit,PC-TEAM-03,on_site,,,,,I100:field_assessment:0,I100,,
541.1,2025-09-28T20:01:03.298835136Z,REPLAY,current_status,unit,PC-FIRE-05,available,dewatering finished at I099,,,,,,,
546.0,2025-09-28T20:05:58.407867564Z,REPLAY,current_status,unit,PC-TEAM-03,available,field_assessment finished at I100,,,,,,,
547.8,2025-09-28T20:07:49.965467076Z,REPLAY,current_status,unit,PC-FIRE-01,available,water_rescue finished at I077,,,,,,,
548.1,2025-09-28T20:08:07.228076078Z,REPLAY,current_status,unit,PC-PUMP-04,available,dewatering finished at I080,,,,,,,
550.0,2025-09-28T20:10:00Z,REPLAY,current_status,unit,PC-TEAM-02,en_route,,,,,I050:search_rescue:0,I050,,
550.0,2025-09-28T20:10:00Z,REPLAY,current_status,unit,PC-PUMP-04,en_route,,,,,I085:dewatering:0,I085,,
550.0,2025-09-28T20:10:00Z,REPLAY,current_status,unit,PC-TEAM-03,en_route,,,,,I082:debris_clearance:0,I082,,
550.0,2025-09-28T20:10:00Z,REPLAY,current_status,unit,PC-FIRE-05,en_route,,,,,I112:field_assessment:0,I112,,
550.0,2025-09-28T20:10:00Z,REPLAY,current_status,unit,PC-FIRE-01,en_route,,,,,I101:field_assessment:0,I101,,
550.0,2025-09-28T20:10:00Z,REPLAY,current_status,unit,PC-TEAM-01,en_route,,,,,I111:field_assessment:0,I111,,
557.4,2025-09-28T20:17:23.541404799Z,REPLAY,current_status,unit,PC-PUMP-03,on_site,,,,,I074:dewatering:0,I074,,
557.5,2025-09-28T20:17:30.542204147Z,REPLAY,current_status,unit,PC-PUMP-02,on_site,,,,,I072:dewatering:0,I072,,
558.8,2025-09-28T20:18:45.479708712Z,REPLAY,current_status,unit,PC-FIRE-06,available,water_rescue finished at I106,,,,,,,
559.6,2025-09-28T20:19:36.001737739Z,REPLAY,current_status,unit,PC-PUMP-01,available,dewatering finished at I088,,,,,,,
560.0,2025-09-28T20:20:00Z,REPLAY,current_status,unit,PC-FIRE-01,en_route,,,,,I091:dewatering:0,I091,,
560.0,2025-09-28T20:20:00Z,REPLAY,current_status,unit,PC-PUMP-04,en_route,,,,,I093:dewatering:0,I093,,
560.0,2025-09-28T20:20:00Z,REPLAY,current_status,unit,PC-FIRE-05,en_route,,,,,I108:field_assessment:0,I108,,
565.8,2025-09-28T20:25:48.820797877Z,REPLAY,current_status,unit,PC-FIRE-01,on_site,,,,,I091:dewatering:0,I091,,
566.4,2025-09-28T20:26:23.171861741Z,REPLAY,current_status,unit,PC-PUMP-04,on_site,,,,,I093:dewatering:0,I093,,
570.0,2025-09-28T20:30:00Z,REPLAY,current_status,unit,PC-FIRE-05,en_route,,,,,I101:field_assessment:0,I101,,
574.6,2025-09-28T20:34:37.697542011Z,REPLAY,current_status,unit,PC-TEAM-03,on_site,,,,,I082:debris_clearance:0,I082,,
576.9,2025-09-28T20:36:56.978789907Z,REPLAY,current_status,unit,PC-FIRE-05,on_site,,,,,I101:field_assessment:0,I101,,
581.2,2025-09-28T20:41:11.472474401Z,REPLAY,current_status,unit,PC-TEAM-02,on_site,,,,,I050:search_rescue:0,I050,,
581.7,2025-09-28T20:41:41.618821235Z,REPLAY,current_status,unit,PC-TEAM-01,on_site,,,,,I111:field_assessment:0,I111,,
581.9,2025-09-28T20:41:56.978789907Z,REPLAY,current_status,unit,PC-FIRE-05,available,field_assessment finished at I101,,,,,,,
586.7,2025-09-28T20:46:41.618821235Z,REPLAY,current_status,unit,PC-TEAM-01,available,field_assessment finished at I111,,,,,,,
590.0,2025-09-28T20:50:00Z,REPLAY,current_status,unit,PC-FIRE-05,en_route,,,,,I105:field_assessment:0,I105,,
597.7,2025-09-28T20:57:41.528662745Z,REPLAY,current_status,unit,PC-FIRE-05,en_route,rerouted: crew found the road blocked,,,,I105:field_assessment:0,,,
